Data Year,Utility Number,Utility Name,Part,Service Type,Data Type,State,Ownership,BA Code,Thousand Dollars,Megawatthours,Count
2023,213,Alaska Electric Light & Power Co.,A,Bundled,O,AK,Investor Owned,NA,"20,419.0","161,849","15,159"
2023,219,Alaska Power and Telephone Co,A,Bundled,O,AK,Investor Owned,NA,"10,301.0","27,163","5,685"
2023,19277,TDX North Slope Generating Co,A,Bundled,O,AK,Investor Owned,NA,0.0,0,0
2023,195,Alabama Power Co,A,Bundled,O,AL,Investor Owned,SOCO,"2,761,434.0","17,365,015","1,323,950"
2023,814,Entergy Arkansas LLC,A,Bundled,O,AR,Investor Owned,MISO,"996,757.1","7,667,932","605,244"
2023,5860,Empire District Electric Co,A,Bundled,O,AR,Investor Owned,SWPP,"8,150.7","52,635","4,724"
2023,14063,Oklahoma Gas & Electric Co,A,Bundled,O,AR,Investor Owned,SWPP,"81,703.8","711,725","57,724"
2023,17698,Southwestern Electric Power Co,A,Bundled,O,AR,Investor Owned,SWPP,"129,726.4","1,132,224","106,868"
2023,176,Ajo Improvement Co,A,Bundled,O,AZ,Investor Owned,AZPS,625.0,"5,338",816
2023,803,Arizona Public Service Co,A,Bundled,O,AZ,Investor Owned,AZPS,"2,289,196.4","14,947,956","1,228,022"
2023,12919,Morenci Water and Electric,A,Bundled,O,AZ,Investor Owned,WALC,"2,143.3","20,438","2,305"
2023,19728,"UNS Electric, Inc",A,Bundled,O,AZ,Investor Owned,TEPC,"137,698.4","1,009,273","93,838"
2023,24211,Tucson Electric Power Co,A,Bundled,O,AZ,Investor Owned,TEPC,"594,104.9","3,967,416","407,394"
2023,14328,Pacific Gas & Electric Co.,A,Bundled,O,CA,Investor Owned,CISO,"3,659,032.0","10,749,713","1,832,407"
2023,14328,Pacific Gas & Electric Co.,C,Delivery,O,CA,Investor Owned,CISO,"2,997,103.0","14,888,207","3,144,748"
2023,14354,PacifiCorp,A,Bundled,O,CA,Investor Owned,PACW,"65,588.3","386,710","36,271"
2023,16609,San Diego Gas & Electric Co,A,Bundled,O,CA,Investor Owned,CISO,"911,397.9","2,003,818","460,629"
2023,16609,San Diego Gas & Electric Co,C,Delivery,O,CA,Investor Owned,CISO,"772,613.6","2,857,866","889,590"
2023,17609,Southern California Edison Co,A,Bundled,O,CA,Investor Owned,CISO,"5,839,146.1","18,058,382","3,182,068"
2023,17609,Southern California Edison Co,C,Delivery,O,CA,Investor Owned,CISO,"1,219,540.0","7,664,747","1,374,978"
2023,17612,Bear Valley Electric Service,A,Bundled,O,CA,Investor Owned,CISO,"28,477.0","87,570","23,285"
2023,57483,Liberty Utilities,A,Bundled,O,CA,Investor Owned,CISO,"57,790.3","308,222","43,902"
2023,15466,Public Service Co of Colorado,A,Bundled,O,CO,Investor Owned,PSCO,"1,355,894.2","9,458,383","1,346,146"
2023,56146,"Black Hills Colorado Electric, LLC",A,Bundled,O,CO,Investor Owned,PSCO,"104,930.0","602,501","88,786"
2023,4176,Connecticut Light & Power Co,A,Bundled,O,CT,Investor Owned,ISNE,"2,298,512.8","7,267,019","933,332"
2023,4176,Connecticut Light & Power Co,C,Delivery,O,CT,Investor Owned,ISNE,"299,285.9","2,304,423","232,229"
2023,6207,Farmington River Power Company,B,Energy,O,CT,Investor Owned,ISNE,0.0,0,0
2023,19497,United Illuminating Co,A,Bundled,O,CT,Investor Owned,ISNE,"528,655.0","1,594,404","263,416"
2023,19497,United Illuminating Co,C,Delivery,O,CT,Investor Owned,ISNE,"66,452.2","447,439","47,097"
2023,15270,Potomac Electric Power Co,A,Bundled,O,DC,Investor Owned,PJM,"295,488.8","1,973,032","277,874"
2023,15270,Potomac Electric Power Co,C,Delivery,O,DC,Investor Owned,PJM,"22,256.5","395,747","35,108"
2023,5027,Delmarva Power,A,Bundled,O,DE,Investor Owned,PJM,"435,918.3","2,771,948","272,780"
2023,5027,Delmarva Power,C,Delivery,O,DE,Investor Owned,PJM,"17,567.8","254,649","26,356"
2023,6452,Florida Power & Light Co,A,Bundled,O,FL,Investor Owned,FPL,"10,510,075.0","70,005,780","5,147,906"
2023,6455,"Duke Energy Florida, LLC",A,Bundled,O,FL,Investor Owned,FPC,"3,926,139.1","21,750,264","1,753,585"
2023,6457,Florida Public Utilities Co,A,Bundled,O,FL,Investor Owned,JEA,"56,170.3","300,117","25,719"
2023,18454,Tampa Electric Co,A,Bundled,O,FL,Investor Owned,TEC,"1,710,867.7","10,307,159","742,575"
2023,7140,Georgia Power Co,A,Bundled,O,GA,Investor Owned,SOCO,"4,039,663.4","27,622,686","2,387,722"
2023,8287,Hawaii Electric Light Co Inc,A,Bundled,O,HI,Investor Owned,NA,"197,949.3","425,521","77,647"
2023,11843,Maui Electric Co Ltd,A,Bundled,O,HI,Investor Owned,NA,"164,578.7","376,039","62,877"
2023,19547,Hawaiian Electric Co Inc,A,Bundled,O,HI,Investor Owned,HECO,"665,887.0","1,540,523","275,654"
2023,471,Amana Society Service Co,A,Bundled,O,IA,Investor Owned,MISO,"1,045.0","6,741",709
2023,9417,Interstate Power and Light Co,A,Bundled,O,IA,Investor Owned,MISO,"640,617.0","3,586,061","414,637"
2023,12341,MidAmerican Energy Co,A,Bundled,O,IA,Investor Owned,MISO,"667,762.1","6,071,702","624,956"
2023,9191,Idaho Power Co,A,Bundled,O,ID,Investor Owned,IPCO,"665,200.3","5,712,006","510,236"
2023,14354,PacifiCorp,A,Bundled,O,ID,Investor Owned,PACE,"90,145.0","817,961","72,621"
2023,20169,Avista Corp,A,Bundled,O,ID,Investor Owned,AVA,"137,949.0","1,355,765","126,548"
2023,4110,Commonwealth Edison Co,A,Bundled,O,IL,Investor Owned,PJM,"3,046,255.6","20,611,558","3,006,545"
2023,4110,Commonwealth Edison Co,C,Delivery,O,IL,Investor Owned,PJM,"376,756.5","5,411,007","725,914"
2023,12341,MidAmerican Energy Co,A,Bundled,O,IL,Investor Owned,MISO,"62,423.6","630,480","73,614"
2023,12341,MidAmerican Energy Co,C,Delivery,O,IL,Investor Owned,MISO,18.8,404,70
2023,13032,Mt Carmel Public Utility Co,A,Bundled,O,IL,Investor Owned,MISO,"8,373.0","44,729","4,330"
2023,56697,Ameren Illinois Company,A,Bundled,O,IL,Investor Owned,MISO,"1,031,640.0","6,052,859","614,162"
2023,56697,Ameren Illinois Company,C,Delivery,O,IL,Investor Owned,MISO,"338,594.5","4,564,445","445,868"
2023,9273,AES Indiana,A,Bundled,O,IN,Investor Owned,MISO,"660,558.8","4,801,479","462,848"
2023,9324,Indiana Michigan Power Co,A,Bundled,O,IN,Investor Owned,PJM,"654,789.8","4,070,840","418,915"
2023,13756,Northern Indiana Pub Serv Co,A,Bundled,O,IN,Investor Owned,MISO,"583,883.5","3,262,923","427,217"
2023,15470,"Duke Energy Indiana, LLC",A,Bundled,O,IN,Investor Owned,MISO,"1,232,273.0","8,610,821","781,956"
2023,17633,Southern Indiana Gas & Elec Co,A,Bundled,O,IN,Investor Owned,MISO,"230,263.7","1,335,877","132,490"
2023,5860,Empire District Electric Co,A,Bundled,O,KS,Investor Owned,SWPP,"13,886.6","104,321","8,291"
2023,10000,Evergy Metro,A,Bundled,O,KS,Investor Owned,SWPP,"367,371.4","2,857,073","242,173"
2023,10005,"Evergy Kansas South, Inc",A,Bundled,O,KS,Investor Owned,SWPP,"411,316.0","3,161,889","298,842"
2023,22500,"Evergy Kansas Central, Inc",A,Bundled,O,KS,Investor Owned,SWPP,"451,224.6","3,447,298","340,314"
2023,10171,Kentucky Utilities Co,A,Bundled,O,KY,Investor Owned,LGEE,"664,503.2","5,545,728","446,660"
2023,11249,Louisville Gas & Electric Co,A,Bundled,O,KY,Investor Owned,LGEE,"486,428.0","3,923,114","381,561"
2023,19446,Duke Energy Kentucky,A,Bundled,O,KY,Investor Owned,PJM,"171,174.8","1,408,351","136,696"
2023,22053,Kentucky Power Co,A,Bundled,O,KY,Investor Owned,PJM,"249,071.0","1,755,606","131,090"
2023,3265,Cleco Power LLC,A,Bundled,O,LA,Investor Owned,MISO,"469,101.0","3,771,793","251,095"
2023,11241,Entergy Louisiana LLC,A,Bundled,O,LA,Investor Owned,MISO,"1,576,128.6","14,312,847","952,644"
2023,13478,"Entergy New Orleans, LLC",A,Bundled,O,LA,Investor Owned,MISO,"310,595.5","2,405,914","188,026"
2023,17698,Southwestern Electric Power Co,A,Bundled,O,LA,Investor Owned,SWPP,"367,077.4","2,875,733","207,281"
2023,6374,Fitchburg Gas & Elec Light Co,A,Bundled,O,MA,Investor Owned,ISNE,"22,981.1","60,629","9,638"
2023,6374,Fitchburg Gas & Elec Light Co,C,Delivery,O,MA,Investor Owned,ISNE,"17,991.3","104,680","16,547"
2023,11804,Massachusetts Electric Co,A,Bundled,O,MA,Investor Owned,ISNE,"1,228,917.4","3,346,857","573,012"
2023,11804,Massachusetts Electric Co,C,Delivery,O,MA,Investor Owned,ISNE,"618,896.7","4,335,004","621,401"
2023,13206,Nantucket Electric Co,A,Bundled,O,MA,Investor Owned,ISNE,"6,744.3","18,029","1,973"
2023,13206,Nantucket Electric Co,C,Delivery,O,MA,Investor Owned,ISNE,"16,799.6","104,473","10,626"
2023,54913,NSTAR Electric Company,A,Bundled,O,MA,Investor Owned,ISNE,"696,577.0","2,348,399","409,760"
2023,54913,NSTAR Electric Company,C,Delivery,O,MA,Investor Owned,ISNE,"966,483.0","5,301,326","873,884"
2023,1167,Baltimore Gas & Electric Co,A,Bundled,O,MD,Investor Owned,PJM,"1,649,879.0","10,019,433","1,002,775"
2023,1167,Baltimore Gas & Electric Co,C,Delivery,O,MD,Investor Owned,PJM,"125,442.9","2,006,584","205,157"
2023,5027,Delmarva Power,A,Bundled,O,MD,Investor Owned,PJM,"342,298.6","1,859,973","169,309"
2023,5027,Delmarva Power,C,Delivery,O,MD,Investor Owned,PJM,"15,802.1","180,191","15,505"
2023,15263,The Potomac Edison Company,A,Bundled,O,MD,Investor Owned,PJM,"351,698.7","3,000,269","235,560"
2023,15263,The Potomac Edison Company,C,Delivery,O,MD,Investor Owned,PJM,"7,471.7","204,019","17,736"
2023,15270,Potomac Electric Power Co,A,Bundled,O,MD,Investor Owned,PJM,"832,526.3","4,584,838","473,603"
2023,15270,Potomac Electric Power Co,C,Delivery,O,MD,Investor Owned,PJM,"55,848.7","665,350","74,110"
2023,1179,Versant Power,A,Bundled,O,ME,Investor Owned,NBSO,"50,092.8","201,160","29,162"
2023,1179,Versant Power,A,Bundled,O,ME,Investor Owned,ISNE,"191,674.7","629,802","101,243"
2023,1179,Versant Power,C,Delivery,O,ME,Investor Owned,NBSO,12.9,121,20
2023,1179,Versant Power,C,Delivery,O,ME,Investor Owned,ISNE,"5,254.9","40,556","7,038"
2023,3266,Central Maine Power Co,A,Bundled,O,ME,Investor Owned,ISNE,"956,517.0","3,484,270","513,418"
2023,3266,Central Maine Power Co,C,Delivery,O,ME,Investor Owned,ISNE,"40,692.0","365,281","54,554"
2023,392,Alpena Power Co,A,Bundled,O,MI,Investor Owned,MISO,"13,810.4","86,730","13,752"
2023,4254,Consumers Energy Co - (MI),A,Bundled,O,MI,Investor Owned,MISO,"2,297,684.9","12,207,836","1,652,141"
2023,4254,Consumers Energy Co - (MI),C,Delivery,O,MI,Investor Owned,MISO,0.0,0,0
2023,5109,DTE Electric Company,A,Bundled,O,MI,Investor Owned,MISO,"2,847,085.3","14,451,501","2,055,937"
2023,5109,DTE Electric Company,C,Delivery,O,MI,Investor Owned,MISO,12.4,142,26
2023,9324,Indiana Michigan Power Co,A,Bundled,O,MI,Investor Owned,PJM,"173,846.3","1,104,472","112,109"
2023,13780,Northern States Power Co,A,Bundled,O,MI,Investor Owned,MISO,"8,166.8","55,085","7,596"
2023,19578,Upper Peninsula Power Company,A,Bundled,O,MI,Investor Owned,MISO,"63,316.5","249,255","47,116"
2023,60631,Upper Michigan Energy Resources Corp.,A,Bundled,O,MI,Investor Owned,MISO,"31,856.3","223,690","33,235"
2023,60631,Upper Michigan Energy Resources Corp.,C,Delivery,O,MI,Investor Owned,MISO,0.0,0,0
2023,12647,"Minnesota Power Enterprises, Inc.",A,Bundled,O,MN,Investor Owned,MISO,"140,937.3","1,004,064","125,573"
2023,13781,Northern States Power Co - Minnesota,A,Bundled,O,MN,Investor Owned,MISO,"1,476,865.0","9,056,420","1,212,790"
2023,13815,Northwestern Wisconsin Elec Co,A,Bundled,O,MN,Investor Owned,MISO,70.8,494,87
2023,14232,Otter Tail Power Co,A,Bundled,O,MN,Investor Owned,MISO,"59,510.5","537,731","49,999"
2023,5860,Empire District Electric Co,A,Bundled,O,MO,Investor Owned,SWPP,"269,736.2","1,692,774","139,947"
2023,10000,Evergy Metro,A,Bundled,O,MO,Investor Owned,SWPP,"359,949.9","2,645,456","271,544"
2023,12698,Evergy Missouri West,A,Bundled,O,MO,Investor Owned,SWPP,"455,680.2","3,609,581","302,899"
2023,19436,Union Electric Co - (MO),A,Bundled,O,MO,Investor Owned,MISO,"1,572,882.2","12,803,699","1,087,971"
2023,12685,Entergy Mississippi LLC,A,Bundled,O,MS,Investor Owned,MISO,"748,427.7","5,493,694","384,283"
2023,12686,Mississippi Power Co,A,Bundled,O,MS,Investor Owned,SOCO,"302,795.0","2,092,079","156,893"
2023,12199,Montana-Dakota Utilities Co,A,Bundled,O,MT,Investor Owned,SWPP,"21,785.0","184,041","19,629"
2023,12825,NorthWestern Energy LLC - (MT),A,Bundled,O,MT,Investor Owned,NWMT,"408,059.0","2,793,127","322,252"
2023,12825,NorthWestern Energy LLC - (MT),C,Delivery,O,MT,Investor Owned,NWMT,0.3,5,2
2023,19545,"Black Hills Power, Inc.",A,Bundled,O,MT,Investor Owned,WACM,10.4,156,12
2023,20169,Avista Corp,A,Bundled,O,MT,Investor Owned,AVA,18.0,203,9
2023,3046,Duke Energy Progress - (NC),A,Bundled,O,NC,Investor Owned,CPLE,"2,214,844.5","15,616,376","1,321,846"
2023,5416,"Duke Energy Carolinas, LLC",A,Bundled,O,NC,Investor Owned,DUK,"2,538,685.9","21,363,532","1,874,207"
2023,19876,Virginia Electric & Power Co,A,Bundled,O,NC,Investor Owned,PJM,"205,410.3","1,508,594","107,452"
2023,12199,Montana-Dakota Utilities Co,A,Bundled,O,ND,Investor Owned,MISO,"86,070.0","782,159","79,241"
2023,13781,Northern States Power Co - Minnesota,A,Bundled,O,ND,Investor Owned,MISO,"91,970.6","768,332","82,499"
2023,14232,Otter Tail Power Co,A,Bundled,O,ND,Investor Owned,MISO,"62,319.0","598,648","45,517"
2023,15472,Public Service Co of NH,A,Bundled,O,NH,Investor Owned,ISNE,"653,688.7","2,259,204","328,800"
2023,15472,Public Service Co of NH,C,Delivery,O,NH,Investor Owned,ISNE,"111,711.8","1,012,719","127,112"
2023,24590,Unitil Energy Systems,A,Bundled,O,NH,Investor Owned,ISNE,"127,991.4","394,132","55,907"
2023,24590,Unitil Energy Systems,C,Delivery,O,NH,Investor Owned,ISNE,"9,943.8","89,841","12,155"
2023,26510,Liberty Utilities (Granite State Electri,A,Bundled,O,NH,Investor Owned,ISNE,"69,373.8","225,427","29,719"
2023,26510,Liberty Utilities (Granite State Electri,C,Delivery,O,NH,Investor Owned,ISNE,"8,188.8","67,611","9,568"
2023,963,Atlantic City Electric Co,A,Bundled,O,NJ,Investor Owned,PJM,"753,490.9","3,660,971","467,475"
2023,963,Atlantic City Electric Co,C,Delivery,O,NJ,Investor Owned,PJM,"27,221.0","280,752","36,416"
2023,9726,Jersey Central Power & Lt Co,A,Bundled,O,NJ,Investor Owned,PJM,"1,197,072.3","8,547,995","945,888"
2023,9726,Jersey Central Power & Lt Co,C,Delivery,O,NJ,Investor Owned,PJM,"36,867.6","751,906","84,350"
2023,15477,Public Service Elec & Gas Co,A,Bundled,O,NJ,Investor Owned,PJM,"2,358,815.0","12,529,224","1,944,142"
2023,15477,Public Service Elec & Gas Co,C,Delivery,O,NJ,Investor Owned,PJM,"26,531.0","547,253","90,794"
2023,16213,Rockland Electric Co,A,Bundled,O,NJ,Investor Owned,PJM,"121,657.1","648,961","62,997"
2023,16213,Rockland Electric Co,C,Delivery,O,NJ,Investor Owned,NYIS,436.1,"4,731",495
2023,16213,Rockland Electric Co,C,Delivery,O,NJ,Investor Owned,PJM,"2,446.4","30,856","2,363"
2023,5701,El Paso Electric Co,A,Bundled,O,NM,Investor Owned,EPE,"80,515.0","837,772","94,061"
2023,15473,Public Service Co of NM,A,Bundled,O,NM,Investor Owned,PNM,"515,552.0","3,390,662","488,458"
2023,17718,Southwestern Public Service Co,A,Bundled,O,NM,Investor Owned,SWPP,"141,695.8","1,203,792","99,886"
2023,13407,Nevada Power Co,A,Bundled,O,NV,Investor Owned,NEVP,"1,655,580.2","9,583,914","899,223"
2023,13407,Nevada Power Co,C,Delivery,O,NV,Investor Owned,NEVP,0.0,0,0
2023,17166,Sierra Pacific Power Co,A,Bundled,O,NV,Investor Owned,NEVP,"427,550.3","2,655,054","325,571"
2023,3249,Central Hudson Gas & Elec Corp,A,Bundled,O,NY,Investor Owned,NYIS,"468,859.9","1,866,092","241,785"
2023,3249,Central Hudson Gas & Elec Corp,C,Delivery,O,NY,Investor Owned,NYIS,"33,447.7","229,861","28,256"
2023,4226,Consolidated Edison Co-NY Inc,A,Bundled,O,NY,Investor Owned,NYIS,"3,655,226.0","11,574,172","2,667,061"
2023,4226,Consolidated Edison Co-NY Inc,C,Delivery,O,NY,Investor Owned,NYIS,"395,764.0","2,040,502","373,482"
2023,6369,Fishers Island Utility Co Inc,A,Bundled,O,NY,Investor Owned,ISNE,"1,798.0","4,499",646
2023,13511,New York State Elec & Gas Corp,A,Bundled,O,NY,Investor Owned,NYIS,"958,033.3","6,169,049","723,220"
2023,13511,New York State Elec & Gas Corp,C,Delivery,O,NY,Investor Owned,NYIS,"52,836.7","628,383","68,544"
2023,13573,Niagara Mohawk Power Corp.,A,Bundled,O,NY,Investor Owned,NYIS,"1,824,718.4","10,750,064","1,416,116"
2023,13573,Niagara Mohawk Power Corp.,C,Delivery,O,NY,Investor Owned,NYIS,"87,603.4","968,813","110,614"
2023,14154,Orange & Rockland Utils Inc,A,Bundled,O,NY,Investor Owned,NYIS,"297,624.5","1,268,360","168,096"
2023,14154,Orange & Rockland Utils Inc,C,Delivery,O,NY,Investor Owned,NYIS,"45,748.3","338,439","40,723"
2023,14711,Pennsylvania Electric Co,A,Bundled,O,NY,Investor Owned,PJM,"4,614.9","30,124","3,350"
2023,14711,Pennsylvania Electric Co,C,Delivery,O,NY,Investor Owned,PJM,21.3,372,50
2023,16183,Rochester Gas & Electric Corp,A,Bundled,O,NY,Investor Owned,NYIS,"376,698.9","2,334,938","290,313"
2023,16183,Rochester Gas & Electric Corp,C,Delivery,O,NY,Investor Owned,NYIS,"46,915.4","464,371","60,235"
2023,3542,Duke Energy Ohio Inc,A,Bundled,O,OH,Investor Owned,PJM,"528,417.5","3,587,895","334,752"
2023,3542,Duke Energy Ohio Inc,C,Delivery,O,OH,Investor Owned,PJM,"246,510.1","3,570,200","352,443"
2023,3755,Cleveland Electric Illum Co,A,Bundled,O,OH,Investor Owned,PJM,"327,392.0","2,273,043","296,401"
2023,3755,Cleveland Electric Illum Co,C,Delivery,O,OH,Investor Owned,PJM,"213,456.2","2,856,302","377,828"
2023,4922,Dayton Power & Light Co,A,Bundled,O,OH,Investor Owned,PJM,"333,252.0","2,032,389","196,500"
2023,4922,Dayton Power & Light Co,C,Delivery,O,OH,Investor Owned,PJM,"145,699.0","2,969,706","279,459"
2023,13998,Ohio Edison Co,A,Bundled,O,OH,Investor Owned,PJM,"509,646.9","3,492,386","363,647"
2023,13998,Ohio Edison Co,C,Delivery,O,OH,Investor Owned,PJM,"377,638.2","5,394,737","589,884"
2023,14006,Ohio Power Co,A,Bundled,O,OH,Investor Owned,PJM,"1,387,793.0","7,450,029","713,995"
2023,14006,Ohio Power Co,C,Delivery,O,OH,Investor Owned,PJM,"552,564.0","5,989,413","615,643"
2023,18997,The Toledo Edison Co,A,Bundled,O,OH,Investor Owned,PJM,"120,169.1","780,304","88,417"
2023,18997,The Toledo Edison Co,C,Delivery,O,OH,Investor Owned,PJM,"120,873.1","1,628,163","189,394"
2023,5860,Empire District Electric Co,A,Bundled,O,OK,Investor Owned,SWPP,"6,825.0","49,568","3,872"
2023,14063,Oklahoma Gas & Electric Co,A,Bundled,O,OK,Investor Owned,SWPP,"960,990.4","8,892,773","701,619"
2023,15474,Public Service Co of Oklahoma,A,Bundled,O,OK,Investor Owned,SWPP,"839,605.7","6,070,994","494,284"
2023,9191,Idaho Power Co,A,Bundled,O,OR,Investor Owned,IPCO,"21,308.0","190,708","14,012"
2023,14354,PacifiCorp,A,Bundled,O,OR,Investor Owned,PACW,"721,478.1","6,007,121","541,238"
2023,14354,PacifiCorp,C,Delivery,O,OR,Investor Owned,PACW,0.0,0,0
2023,15248,Portland General Electric Co,A,Bundled,O,OR,Investor Owned,PGE,"1,208,402.0","7,952,312","815,920"
2023,15248,Portland General Electric Co,C,Delivery,O,OR,Investor Owned,PGE,0.0,0,0
2023,3597,Citizens Electric Co - (PA),A,Bundled,O,PA,Investor Owned,PJM,"14,333.0","82,343","5,928"
2023,3597,Citizens Electric Co - (PA),C,Delivery,O,PA,Investor Owned,PJM,4.0,107,4
2023,5487,Duquesne Light Co,A,Bundled,O,PA,Investor Owned,PJM,"651,690.7","2,953,487","433,219"
2023,5487,Duquesne Light Co,C,Delivery,O,PA,Investor Owned,PJM,"88,889.5","810,736","114,853"
2023,12390,Metropolitan Edison Co,A,Bundled,O,PA,Investor Owned,PJM,"770,017.8","4,465,177","418,727"
2023,12390,Metropolitan Edison Co,C,Delivery,O,PA,Investor Owned,PJM,"70,483.9","1,025,119","99,439"
2023,14711,Pennsylvania Electric Co,A,Bundled,O,PA,Investor Owned,PJM,"662,594.9","3,475,068","415,415"
2023,14711,Pennsylvania Electric Co,C,Delivery,O,PA,Investor Owned,PJM,"62,146.3","659,854","81,960"
2023,14715,PPL Electric Utilities Corp,A,Bundled,O,PA,Investor Owned,PJM,"1,548,813.7","7,923,953","810,977"
2023,14715,PPL Electric Utilities Corp,C,Delivery,O,PA,Investor Owned,PJM,"363,608.0","5,770,466","478,682"
2023,14716,Pennsylvania Power Co,A,Bundled,O,PA,Investor Owned,PJM,"225,082.2","1,301,716","124,492"
2023,14716,Pennsylvania Power Co,C,Delivery,O,PA,Investor Owned,PJM,"16,722.9","256,904","25,193"
2023,14940,PECO Energy Co,A,Bundled,O,PA,Investor Owned,PJM,"1,678,964.0","10,379,516","1,202,721"
2023,14940,PECO Energy Co,C,Delivery,O,PA,Investor Owned,PJM,"249,927.0","2,934,223","328,041"
2023,15045,Pike County Light & Power Co,A,Bundled,O,PA,Investor Owned,NYIS,"5,442.8","26,641","3,542"
2023,15045,Pike County Light & Power Co,C,Delivery,O,PA,Investor Owned,NYIS,638.0,"5,785",769
2023,19390,"UGI Utilities, Inc",A,Bundled,O,PA,Investor Owned,PJM,"99,446.0","532,244","54,410"
2023,19390,"UGI Utilities, Inc",C,Delivery,O,PA,Investor Owned,PJM,331.5,"4,833",466
2023,20334,Wellsborough Electric Co,A,Bundled,O,PA,Investor Owned,PJM,"8,366.6","41,738","5,156"
2023,20334,Wellsborough Electric Co,C,Delivery,O,PA,Investor Owned,PJM,0.0,0,0
2023,20387,West Penn Power Company,A,Bundled,O,PA,Investor Owned,PJM,"840,527.6","5,699,748","529,258"
2023,20387,West Penn Power Company,C,Delivery,O,PA,Investor Owned,PJM,"56,297.4","1,069,155","103,621"
2023,13214,The Narragansett Electric Co,A,Bundled,O,RI,Investor Owned,ISNE,"654,707.1","2,408,232","364,293"
2023,13214,The Narragansett Electric Co,C,Delivery,O,RI,Investor Owned,ISNE,"68,135.8","500,804","79,914"
2023,3046,Duke Energy Progress - (NC),A,Bundled,O,SC,Investor Owned,CPLE,"283,706.0","1,933,986","143,074"
2023,5416,"Duke Energy Carolinas, LLC",A,Bundled,O,SC,Investor Owned,DUK,"852,199.2","6,728,468","554,253"
2023,11118,Lockhart Power Co,A,Bundled,O,SC,Investor Owned,DUK,"8,862.0","61,613","4,949"
2023,17539,"Dominion Energy South Carolina, Inc",A,Bundled,O,SC,Investor Owned,SCEG,"1,159,974.0","8,048,073","680,200"
2023,12199,Montana-Dakota Utilities Co,A,Bundled,O,SD,Investor Owned,MISO,"8,384.0","67,132","6,373"
2023,12341,MidAmerican Energy Co,A,Bundled,O,SD,Investor Owned,MISO,"4,853.7","56,488","4,235"
2023,13781,Northern States Power Co - Minnesota,A,Bundled,O,SD,Investor Owned,MISO,"119,486.4","844,354","89,900"
2023,13809,NorthWestern Energy - (SD),A,Bundled,O,SD,Investor Owned,SWPP,"67,888.0","602,945","51,261"
2023,14232,Otter Tail Power Co,A,Bundled,O,SD,Investor Owned,MISO,"13,170.5","118,430","9,006"
2023,19545,"Black Hills Power, Inc.",A,Bundled,O,SD,Investor Owned,WACM,"74,641.0","546,151","59,756"
2023,814,Entergy Arkansas LLC,A,Bundled,O,TN,Investor Owned,MISO,3.0,25,1
2023,10331,Kingsport Power Co,A,Bundled,O,TN,Investor Owned,PJM,"82,951.0","601,847","42,837"
2023,5701,El Paso Electric Co,A,Bundled,O,TX,Investor Owned,EPE,"359,792.0","2,657,537","310,988"
2023,17698,Southwestern Electric Power Co,A,Bundled,O,TX,Investor Owned,SWPP,"253,934.4","2,129,999","155,326"
2023,17718,Southwestern Public Service Co,A,Bundled,O,TX,Investor Owned,SWPP,"371,847.1","2,524,471","220,640"
2023,55937,Entergy Texas Inc.,A,Bundled,O,TX,Investor Owned,MISO,"893,549.7","6,785,117","445,292"
2023,14354,PacifiCorp,A,Bundled,O,UT,Investor Owned,PACE,"933,104.8","8,282,116","924,463"
2023,733,Appalachian Power Co,A,Bundled,O,VA,Investor Owned,PJM,"901,124.0","5,674,429","462,259"
2023,733,Appalachian Power Co,C,Delivery,O,VA,Investor Owned,PJM,0.0,0,0
2023,10171,Kentucky Utilities Co,A,Bundled,O,VA,Investor Owned,LGEE,"44,495.2","312,763","22,764"
2023,19876,Virginia Electric & Power Co,A,Bundled,O,VA,Investor Owned,PJM,"3,784,508.5","27,195,517","2,357,519"
2023,19876,Virginia Electric & Power Co,C,Delivery,O,VA,Investor Owned,PJM,0.0,0,0
2023,7601,Green Mountain Power Corp,A,Bundled,O,VT,Investor Owned,ISNE,"327,241.0","1,556,800","225,952"
2023,14354,PacifiCorp,A,Bundled,O,WA,Investor Owned,PACW,"173,594.3","1,618,257","113,694"
2023,15500,Puget Sound Energy Inc,A,Bundled,O,WA,Investor Owned,PSEI,"1,514,149.0","11,387,970","1,077,406"
2023,20169,Avista Corp,A,Bundled,O,WA,Investor Owned,AVA,"287,292.0","2,664,362","243,524"
2023,4247,Consolidated Water Power Co,A,Bundled,O,WI,Investor Owned,MISO,80.9,670,70
2023,4715,Dahlberg Light & Power Co,A,Bundled,O,WI,Investor Owned,MISO,"9,076.0","73,642","10,860"
2023,11479,Madison Gas & Electric Co,A,Bundled,O,WI,Investor Owned,MISO,"171,845.0","871,558","142,945"
2023,13697,North Central Power Co Inc,A,Bundled,O,WI,Investor Owned,MISO,"3,941.6","26,032","4,960"
2023,13780,Northern States Power Co,A,Bundled,O,WI,Investor Owned,MISO,"303,339.8","1,892,820","218,404"
2023,13815,Northwestern Wisconsin Elec Co,A,Bundled,O,WI,Investor Owned,MISO,"12,146.9","87,065","12,942"
2023,15086,Pioneer Power and Light Co,A,Bundled,O,WI,Investor Owned,MISO,"2,376.5","13,993","2,020"
2023,18336,Superior Water and Light Co,A,Bundled,O,WI,Investor Owned,MISO,"12,673.0","85,036","13,008"
2023,20847,Wisconsin Electric Power Co,A,Bundled,O,WI,Investor Owned,MISO,"1,477,327.5","7,790,977","1,038,810"
2023,20856,Wisconsin Power & Light Co,A,Bundled,O,WI,Investor Owned,MISO,"579,319.0","3,589,536","433,061"
2023,20860,Wisconsin Public Service Corp,A,Bundled,O,WI,Investor Owned,MISO,"489,246.5","2,952,094","407,404"
2023,40036,Westfield Electric Company,A,Bundled,O,WI,Investor Owned,MISO,898.5,"4,823",598
2023,733,Appalachian Power Co,A,Bundled,O,WV,Investor Owned,PJM,"713,278.0","4,451,267","350,279"
2023,1764,Black Diamond Power Co,A,Bundled,O,WV,Investor Owned,PJM,"4,975.5","32,418","3,479"
2023,12796,Monongahela Power Co,A,Bundled,O,WV,Investor Owned,PJM,"434,935.7","3,446,643","334,676"
2023,15263,The Potomac Edison Company,A,Bundled,O,WV,Investor Owned,PJM,"211,244.7","1,857,742","132,509"
2023,20521,Wheeling Power Co,A,Bundled,O,WV,Investor Owned,PJM,"60,132.0","360,996","34,561"
2023,3461,Cheyenne Light Fuel & Power,A,Bundled,O,WY,Investor Owned,WACM,"40,779.6","268,961","39,444"
2023,12199,Montana-Dakota Utilities Co,A,Bundled,O,WY,Investor Owned,WACM,"17,814.0","146,874","14,457"
2023,12825,NorthWestern Energy LLC - (MT),A,Bundled,O,WY,Investor Owned,NWMT,282.0,"2,120",235
2023,14354,PacifiCorp,A,Bundled,O,WY,Investor Owned,PACE,"117,840.4","1,046,604","117,758"
2023,19545,"Black Hills Power, Inc.",A,Bundled,O,WY,Investor Owned,WACM,"2,461.0","19,530","2,016"
