heating_type,building_type,area,income,climate_zone,vintage,insulation_level,count,bldg_ids,zip_codes,elec_weights,gas_weights
Electric HP,Large MF,0-1499,High Income,Cold,>2000,Average Insulation,1,343361,02360,252.30163873025225,126.15081936512613
Electric HP,Large MF,0-1499,High Income,Cold,>2000,Poor Insulation,1,136149,02360,252.30163873025225,126.15081936512613
Electric HP,Large MF,0-1499,Low Income,Cold,1960-2000,Poor Insulation,3,192940|268055|405405,02360|02360|02746,252.30163873025225|252.30163873025225|252.30163873025225,126.15081936512613|126.15081936512613|252.30163873025225
Electric HP,Large MF,0-1499,Low Income,Cold,>2000,Poor Insulation,1,184556,02360,252.30163873025225,126.15081936512613
Electric HP,Large MF,0-1499,Moderate Income,Cold,1960-2000,Average Insulation,1,94711,02360,252.30163873025225,126.15081936512613
Electric HP,Large MF,0-1499,Moderate Income,Cold,<1960,Poor Insulation,1,132631,02360,252.30163873025225,126.15081936512613
Electric HP,Large MF,1500-2499,High Income,Cold,<1960,Poor Insulation,1,274442,02746,252.30163873025225,252.30163873025225
Electric HP,SF,0-1499,Moderate Income,Cold,1960-2000,Poor Insulation,6,84781|146468|389561|402950|412733|455695,02746|02746|02746|02360|02360|02360,252.30163873025225|252.30163873025225|252.30163873025225|252.30163873025225|252.30163873025225|252.30163873025225,252.30163873025225|252.30163873025225|252.30163873025225|126.15081936512613|126.15081936512613|126.15081936512613
Electric HP,SF,0-1499,Moderate Income,Cold,<1960,Poor Insulation,1,221955,02746,252.30163873025225,252.30163873025225
Electric HP,SF,1500-2499,High Income,Cold,1960-2000,Average Insulation,1,171578,02360,252.30163873025225,126.15081936512613
Electric HP,SF,1500-2499,High Income,Cold,1960-2000,Poor Insulation,3,18719|146148|426197,02360|02746|02746,252.30163873025225|252.30163873025225|252.30163873025225,126.15081936512613|252.30163873025225|252.30163873025225
Electric HP,SF,1500-2499,Moderate Income,Cold,<1960,Poor Insulation,1,479897,02746,252.30163873025225,252.30163873025225
Electric HP,SF,2500-3999,High Income,Cold,1960-2000,Average Insulation,1,464384,02746,252.30163873025225,252.30163873025225
Electric HP,Small MF,0-1499,High Income,Cold,1960-2000,Poor Insulation,1,185472,02746,252.30163873025225,252.30163873025225
Electric HP,Small MF,0-1499,Low Income,Cold,1960-2000,Poor Insulation,4,4829|173725|301661|512274,02360|02360|02360|02360,252.30163873025225|252.30163873025225|252.30163873025225|252.30163873025225,126.15081936512613|126.15081936512613|126.15081936512613|126.15081936512613
Electric HP,Small MF,0-1499,Low Income,Cold,<1960,Poor Insulation,4,169913|199888|377148|476280,02746|02746|02360|02746,252.30163873025225|252.30163873025225|252.30163873025225|252.30163873025225,252.30163873025225|252.30163873025225|126.15081936512613|252.30163873025225
Electric HP,Small MF,0-1499,Moderate Income,Cold,<1960,Poor Insulation,1,374435,02746,252.30163873025225,252.30163873025225
Electric HP,Small MF,1500-2499,Low Income,Cold,<1960,Average Insulation,1,163470,02746,252.30163873025225,252.30163873025225
Electric Resistance,Large MF,0-1499,High Income,Cold,1960-2000,Average Insulation,1,536294,02360,252.30163873025225,126.15081936512613
Electric Resistance,Large MF,0-1499,High Income,Cold,1960-2000,Poor Insulation,3,99903|113686|309215,02746|02746|02360,252.30163873025225|252.30163873025225|252.30163873025225,252.30163873025225|252.30163873025225|126.15081936512613
Electric Resistance,Large MF,0-1499,High Income,Cold,>2000,Average Insulation,2,510967|531955,02360|02360,252.30163873025225|252.30163873025225,126.15081936512613|126.15081936512613
Electric Resistance,Large MF,0-1499,High Income,Cold,>2000,Poor Insulation,1,128123,02746,252.30163873025225,252.30163873025225
Electric Resistance,Large MF,0-1499,Low Income,Cold,1960-2000,Average Insulation,1,74814,02746,252.30163873025225,252.30163873025225
Electric Resistance,Large MF,0-1499,Low Income,Cold,1960-2000,Good Insulation,1,269976,02746,252.30163873025225,252.30163873025225
Electric Resistance,Large MF,0-1499,Low Income,Cold,1960-2000,Poor Insulation,28,16947|25624|27050|41905|66641|86174|90844|115301|117473|141798|142866|171667|230435|236871|250486|280797|290045|304969|326123|330156|363746|413808|429908|432484|452264|477708|489515|520054,02746|02746|02746|02360|02746|02746|02746|02360|02746|02746|02746|02360|02360|02746|02360|02746|02360|02746|02746|02746|02360|02360|02360|02746|02360|02746|02746|02360,252.30163873025225|252.30163873025225|252.30163873025225|252.30163873025225|252.30163873025225|252.30163873025225|252.30163873025225|252.30163873025225|252.30163873025225|252.30163873025225|252.30163873025225|252.30163873025225|252.30163873025225|252.30163873025225|252.30163873025225|252.30163873025225|252.30163873025225|252.30163873025225|252.30163873025225|252.30163873025225|252.30163873025225|252.30163873025225|252.30163873025225|252.30163873025225|252.30163873025225|252.30163873025225|252.30163873025225|252.30163873025225,252.30163873025225|252.30163873025225|252.30163873025225|126.15081936512613|252.30163873025225|252.30163873025225|252.30163873025225|126.15081936512613|252.30163873025225|252.30163873025225|252.30163873025225|126.15081936512613|126.15081936512613|252.30163873025225|126.15081936512613|252.30163873025225|126.15081936512613|252.30163873025225|252.30163873025225|252.30163873025225|126.15081936512613|126.15081936512613|126.15081936512613|252.30163873025225|126.15081936512613|252.30163873025225|252.30163873025225|126.15081936512613
Electric Resistance,Large MF,0-1499,Low Income,Cold,<1960,Poor Insulation,6,35579|92994|132090|184883|326007|362745,02746|02746|02360|02746|02360|02746,252.30163873025225|252.30163873025225|252.30163873025225|252.30163873025225|252.30163873025225|252.30163873025225,252.30163873025225|252.30163873025225|126.15081936512613|252.30163873025225|126.15081936512613|252.30163873025225
Electric Resistance,Large MF,0-1499,Low Income,Cold,>2000,Average Insulation,1,203679,02360,252.30163873025225,126.15081936512613
Electric Resistance,Large MF,0-1499,Low Income,Cold,>2000,Poor Insulation,1,194106,02360,252.30163873025225,126.15081936512613
Electric Resistance,Large MF,0-1499,Moderate Income,Cold,1960-2000,Average Insulation,1,115575,02360,252.30163873025225,126.15081936512613
Electric Resistance,Large MF,0-1499,Moderate Income,Cold,1960-2000,Poor Insulation,10,69429|75722|119240|216188|233307|292605|298569|411827|433519|524855,02360|02360|02746|02746|02746|02360|02360|02746|02746|02746,252.30163873025225|252.30163873025225|252.30163873025225|252.30163873025225|252.30163873025225|252.30163873025225|252.30163873025225|252.30163873025225|252.30163873025225|252.30163873025225,126.15081936512613|126.15081936512613|252.30163873025225|252.30163873025225|252.30163873025225|126.15081936512613|126.15081936512613|252.30163873025225|252.30163873025225|252.30163873025225
Electric Resistance,Large MF,0-1499,Moderate Income,Cold,<1960,Poor Insulation,3,148156|255127|369865,02360|02746|02360,252.30163873025225|252.30163873025225|252.30163873025225,126.15081936512613|252.30163873025225|126.15081936512613
Electric Resistance,Large MF,0-1499,Moderate Income,Cold,>2000,Average Insulation,2,352447|483430,02360|02360,252.30163873025225|252.30163873025225,126.15081936512613|126.15081936512613
Electric Resistance,Large MF,1500-2499,High Income,Cold,1960-2000,Poor Insulation,1,501210,02360,252.30163873025225,126.15081936512613
Electric Resistance,Large MF,4000+,Low Income,Cold,1960-2000,Average Insulation,1,272977,02746,252.30163873025225,252.30163873025225
Electric Resistance,SF,0-1499,High Income,Cold,1960-2000,Poor Insulation,1,44066,02746,252.30163873025225,252.30163873025225
Electric Resistance,SF,0-1499,Low Income,Cold,1960-2000,Poor Insulation,2,8828|9589,02746|02746,252.30163873025225|252.30163873025225,252.30163873025225|252.30163873025225
Electric Resistance,SF,0-1499,Low Income,Cold,<1960,Poor Insulation,1,455113,02746,252.30163873025225,252.30163873025225
Electric Resistance,SF,0-1499,Moderate Income,Cold,1960-2000,Poor Insulation,1,343762,02746,252.30163873025225,252.30163873025225
Electric Resistance,SF,1500-2499,High Income,Cold,1960-2000,Average Insulation,1,56777,02360,252.30163873025225,126.15081936512613
Electric Resistance,SF,1500-2499,High Income,Cold,1960-2000,Poor Insulation,5,43263|128448|301075|330035|400578,02360|02360|02746|02360|02360,252.30163873025225|252.30163873025225|252.30163873025225|252.30163873025225|252.30163873025225,126.15081936512613|126.15081936512613|252.30163873025225|126.15081936512613|126.15081936512613
Electric Resistance,SF,1500-2499,High Income,Cold,<1960,Poor Insulation,1,419511,02360,252.30163873025225,126.15081936512613
Electric Resistance,SF,1500-2499,Low Income,Cold,1960-2000,Poor Insulation,1,222982,02746,252.30163873025225,252.30163873025225
Electric Resistance,SF,1500-2499,Low Income,Cold,<1960,Poor Insulation,1,114396,02360,252.30163873025225,126.15081936512613
Electric Resistance,SF,1500-2499,Moderate Income,Cold,1960-2000,Poor Insulation,2,28739|431351,02360|02746,252.30163873025225|252.30163873025225,126.15081936512613|252.30163873025225
Electric Resistance,SF,1500-2499,Moderate Income,Cold,<1960,Poor Insulation,3,254412|280036|290852,02746|02360|02746,252.30163873025225|252.30163873025225|252.30163873025225,252.30163873025225|126.15081936512613|252.30163873025225
Electric Resistance,SF,1500-2499,Moderate Income,Cold,>2000,Poor Insulation,1,137145,02746,252.30163873025225,252.30163873025225
Electric Resistance,SF,2500-3999,High Income,Cold,1960-2000,Average Insulation,3,15208|86634|152045,02746|02360|02360,252.30163873025225|252.30163873025225|252.30163873025225,252.30163873025225|126.15081936512613|126.15081936512613
Electric Resistance,SF,2500-3999,High Income,Cold,1960-2000,Poor Insulation,3,186050|279755|408484,02746|02746|02360,252.30163873025225|252.30163873025225|252.30163873025225,252.30163873025225|252.30163873025225|126.15081936512613
Electric Resistance,SF,2500-3999,High Income,Cold,<1960,Poor Insulation,1,287842,02360,252.30163873025225,126.15081936512613
Electric Resistance,SF,4000+,High Income,Cold,>2000,Average Insulation,1,259546,02360,252.30163873025225,126.15081936512613
Electric Resistance,Small MF,0-1499,High Income,Cold,1960-2000,Average Insulation,1,240963,02360,252.30163873025225,126.15081936512613
Electric Resistance,Small MF,0-1499,High Income,Cold,1960-2000,Poor Insulation,3,381209|449618|475985,02746|02746|02746,252.30163873025225|252.30163873025225|252.30163873025225,252.30163873025225|252.30163873025225|252.30163873025225
Electric Resistance,Small MF,0-1499,Low Income,Cold,1960-2000,Poor Insulation,17,10004|76759|83810|91866|118284|145735|169715|193914|225901|230146|240375|243876|246550|271342|313522|389666|541231,02360|02746|02360|02746|02360|02360|02360|02746|02746|02360|02360|02746|02360|02360|02360|02746|02360,252.30163873025225|252.30163873025225|252.30163873025225|252.30163873025225|252.30163873025225|252.30163873025225|252.30163873025225|252.30163873025225|252.30163873025225|252.30163873025225|252.30163873025225|252.30163873025225|252.30163873025225|252.30163873025225|252.30163873025225|252.30163873025225|252.30163873025225,126.15081936512613|252.30163873025225|126.15081936512613|252.30163873025225|126.15081936512613|126.15081936512613|126.15081936512613|252.30163873025225|252.30163873025225|126.15081936512613|126.15081936512613|252.30163873025225|126.15081936512613|126.15081936512613|126.15081936512613|252.30163873025225|126.15081936512613
Electric Resistance,Small MF,0-1499,Low Income,Cold,<1960,Poor Insulation,8,24687|159838|299513|304139|316644|418152|441826|458756,02746|02746|02746|02746|02746|02746|02746|02746,252.30163873025225|252.30163873025225|252.30163873025225|252.30163873025225|252.30163873025225|252.30163873025225|252.30163873025225|252.30163873025225,252.30163873025225|252.30163873025225|252.30163873025225|252.30163873025225|252.30163873025225|252.30163873025225|252.30163873025225|252.30163873025225
Electric Resistance,Small MF,0-1499,Moderate Income,Cold,1960-2000,Average Insulation,2,439979|506544,02746|02746,252.30163873025225|252.30163873025225,252.30163873025225|252.30163873025225
Electric Resistance,Small MF,0-1499,Moderate Income,Cold,1960-2000,Poor Insulation,7,26067|143808|196656|210870|354157|386835|458218,02746|02746|02360|02746|02360|02360|02360,252.30163873025225|252.30163873025225|252.30163873025225|252.30163873025225|252.30163873025225|252.30163873025225|252.30163873025225,252.30163873025225|252.30163873025225|126.15081936512613|252.30163873025225|126.15081936512613|126.15081936512613|126.15081936512613
Electric Resistance,Small MF,0-1499,Moderate Income,Cold,<1960,Poor Insulation,8,34605|130483|140268|218375|382692|476248|501641|514207,02746|02746|02746|02360|02746|02360|02746|02360,252.30163873025225|252.30163873025225|252.30163873025225|252.30163873025225|252.30163873025225|252.30163873025225|252.30163873025225|252.30163873025225,252.30163873025225|252.30163873025225|252.30163873025225|126.15081936512613|252.30163873025225|126.15081936512613|252.30163873025225|126.15081936512613
Electric Resistance,Small MF,0-1499,Moderate Income,Cold,>2000,Average Insulation,1,181654,02746,252.30163873025225,252.30163873025225
Electric Resistance,Small MF,1500-2499,High Income,Cold,1960-2000,Poor Insulation,1,541124,02746,252.30163873025225,252.30163873025225
Electric Resistance,Small MF,1500-2499,Moderate Income,Cold,<1960,Poor Insulation,1,514622,02746,252.30163873025225,252.30163873025225
Natural Gas,Large MF,0-1499,High Income,Cold,1960-2000,Poor Insulation,1,120234,02360,252.30163873025225,126.15081936512613
Natural Gas,Large MF,0-1499,High Income,Cold,<1960,Poor Insulation,1,76869,02360,252.30163873025225,126.15081936512613
Natural Gas,Large MF,0-1499,High Income,Cold,>2000,Average Insulation,3,8261|273325|288238,02360|02746|02746,252.30163873025225|252.30163873025225|252.30163873025225,126.15081936512613|252.30163873025225|252.30163873025225
Natural Gas,Large MF,0-1499,High Income,Cold,>2000,Poor Insulation,2,85950|477667,02360|02746,252.30163873025225|252.30163873025225,126.15081936512613|252.30163873025225
Natural Gas,Large MF,0-1499,Low Income,Cold,1960-2000,Average Insulation,3,63746|106154|173920,02746|02360|02746,252.30163873025225|252.30163873025225|252.30163873025225,252.30163873025225|126.15081936512613|252.30163873025225
Natural Gas,Large MF,0-1499,Low Income,Cold,1960-2000,Poor Insulation,14,131845|176818|196815|232158|254025|274226|279987|283988|298946|352612|408138|431936|482089|504318,02360|02360|02746|02746|02746|02360|02360|02746|02746|02746|02746|02746|02360|02360,252.30163873025225|252.30163873025225|252.30163873025225|252.30163873025225|252.30163873025225|252.30163873025225|252.30163873025225|252.30163873025225|252.30163873025225|252.30163873025225|252.30163873025225|252.30163873025225|252.30163873025225|252.30163873025225,126.15081936512613|126.15081936512613|252.30163873025225|252.30163873025225|252.30163873025225|126.15081936512613|126.15081936512613|252.30163873025225|252.30163873025225|252.30163873025225|252.30163873025225|252.30163873025225|126.15081936512613|126.15081936512613
Natural Gas,Large MF,0-1499,Low Income,Cold,<1960,Average Insulation,1,230201,02746,252.30163873025225,252.30163873025225
Natural Gas,Large MF,0-1499,Low Income,Cold,<1960,Poor Insulation,12,4736|16536|16818|99165|106419|110376|168377|190524|300244|327279|495938|505445,02746|02746|02746|02746|02746|02746|02746|02746|02746|02746|02746|02746,252.30163873025225|252.30163873025225|252.30163873025225|252.30163873025225|252.30163873025225|252.30163873025225|252.30163873025225|252.30163873025225|252.30163873025225|252.30163873025225|252.30163873025225|252.30163873025225,252.30163873025225|252.30163873025225|252.30163873025225|252.30163873025225|252.30163873025225|252.30163873025225|252.30163873025225|252.30163873025225|252.30163873025225|252.30163873025225|252.30163873025225|252.30163873025225
Natural Gas,Large MF,0-1499,Low Income,Cold,>2000,Poor Insulation,3,169924|365492|448463,02746|02360|02360,252.30163873025225|252.30163873025225|252.30163873025225,252.30163873025225|126.15081936512613|126.15081936512613
Natural Gas,Large MF,0-1499,Moderate Income,Cold,1960-2000,Average Insulation,4,87230|95934|105852|221821,02746|02746|02746|02746,252.30163873025225|252.30163873025225|252.30163873025225|252.30163873025225,252.30163873025225|252.30163873025225|252.30163873025225|252.30163873025225
Natural Gas,Large MF,0-1499,Moderate Income,Cold,1960-2000,Poor Insulation,10,97425|123110|190752|266254|294341|309192|387260|415414|455604|499959,02746|02360|02746|02746|02360|02746|02746|02360|02360|02360,252.30163873025225|252.30163873025225|252.30163873025225|252.30163873025225|252.30163873025225|252.30163873025225|252.30163873025225|252.30163873025225|252.30163873025225|252.30163873025225,252.30163873025225|126.15081936512613|252.30163873025225|252.30163873025225|126.15081936512613|252.30163873025225|252.30163873025225|126.15081936512613|126.15081936512613|126.15081936512613
Natural Gas,Large MF,0-1499,Moderate Income,Cold,<1960,Poor Insulation,3,147283|467132|510549,02746|02746|02746,252.30163873025225|252.30163873025225|252.30163873025225,252.30163873025225|252.30163873025225|252.30163873025225
Natural Gas,Large MF,0-1499,Moderate Income,Cold,>2000,Average Insulation,6,56648|94508|191156|268845|413717|534528,02360|02360|02360|02746|02746|02360,252.30163873025225|252.30163873025225|252.30163873025225|252.30163873025225|252.30163873025225|252.30163873025225,126.15081936512613|126.15081936512613|126.15081936512613|252.30163873025225|252.30163873025225|126.15081936512613
Natural Gas,Large MF,0-1499,Moderate Income,Cold,>2000,Poor Insulation,3,445257|475089|514473,02360|02360|02360,252.30163873025225|252.30163873025225|252.30163873025225,126.15081936512613|126.15081936512613|126.15081936512613
Natural Gas,Large MF,1500-2499,High Income,Cold,>2000,Poor Insulation,1,75221,02746,252.30163873025225,252.30163873025225
Natural Gas,Large MF,1500-2499,Moderate Income,Cold,1960-2000,Average Insulation,1,256342,02746,252.30163873025225,252.30163873025225
Natural Gas,Large MF,4000+,Moderate Income,Cold,<1960,Average Insulation,1,140077,02746,252.30163873025225,252.30163873025225
Natural Gas,Large MF,4000+,Moderate Income,Cold,<1960,Poor Insulation,1,157272,02746,252.30163873025225,252.30163873025225
Natural Gas,Mobile,0-1499,High Income,Cold,1960-2000,Poor Insulation,1,321260,02746,252.30163873025225,252.30163873025225
Natural Gas,Mobile,0-1499,Low Income,Cold,1960-2000,Average Insulation,1,100597,02360,252.30163873025225,126.15081936512613
Natural Gas,Mobile,0-1499,Low Income,Cold,1960-2000,Poor Insulation,3,21824|408846|496412,02360|02746|02360,252.30163873025225|252.30163873025225|252.30163873025225,126.15081936512613|252.30163873025225|126.15081936512613
Natural Gas,Mobile,0-1499,Moderate Income,Cold,1960-2000,Poor Insulation,3,398234|440351|538875,02360|02746|02746,252.30163873025225|252.30163873025225|252.30163873025225,126.15081936512613|252.30163873025225|252.30163873025225
Natural Gas,Mobile,0-1499,Moderate Income,Cold,>2000,Poor Insulation,1,492919,02360,252.30163873025225,126.15081936512613
Natural Gas,Mobile,1500-2499,Low Income,Cold,1960-2000,Poor Insulation,1,42790,02746,252.30163873025225,252.30163873025225
Natural Gas,Mobile,1500-2499,Moderate Income,Cold,>2000,Average Insulation,1,44215,02360,252.30163873025225,126.15081936512613
Natural Gas,Mobile,1500-2499,Moderate Income,Cold,>2000,Poor Insulation,2,53500|503779,02746|02746,252.30163873025225|252.30163873025225,252.30163873025225|252.30163873025225
Natural Gas,SF,0-1499,High Income,Cold,1960-2000,Average Insulation,9,48346|77349|88331|117314|280267|307105|311329|415607|487771,02746|02360|02360|02746|02360|02360|02746|02746|02360,252.30163873025225|252.30163873025225|252.30163873025225|252.30163873025225|252.30163873025225|252.30163873025225|252.30163873025225|252.30163873025225|252.30163873025225,252.30163873025225|126.15081936512613|126.15081936512613|252.30163873025225|126.15081936512613|126.15081936512613|252.30163873025225|252.30163873025225|126.15081936512613
Natural Gas,SF,0-1499,High Income,Cold,1960-2000,Poor Insulation,15,72692|87292|116007|119502|200754|234271|275769|285998|310977|324049|356768|365434|378590|409566|471151,02360|02360|02746|02746|02360|02746|02360|02360|02360|02746|02360|02746|02746|02360|02360,252.30163873025225|252.30163873025225|252.30163873025225|252.30163873025225|252.30163873025225|252.30163873025225|252.30163873025225|252.30163873025225|252.30163873025225|252.30163873025225|252.30163873025225|252.30163873025225|252.30163873025225|252.30163873025225|252.30163873025225,126.15081936512613|126.15081936512613|252.30163873025225|252.30163873025225|126.15081936512613|252.30163873025225|126.15081936512613|126.15081936512613|126.15081936512613|252.30163873025225|126.15081936512613|252.30163873025225|252.30163873025225|126.15081936512613|126.15081936512613
Natural Gas,SF,0-1499,High Income,Cold,<1960,Poor Insulation,15,8078|33533|39617|69162|114701|238738|240362|247277|384812|393625|424890|429850|507080|508511|532802,02746|02360|02746|02360|02360|02360|02360|02360|02746|02746|02746|02360|02360|02746|02360,252.30163873025225|252.30163873025225|252.30163873025225|252.30163873025225|252.30163873025225|252.30163873025225|252.30163873025225|252.30163873025225|252.30163873025225|252.30163873025225|252.30163873025225|252.30163873025225|252.30163873025225|252.30163873025225|252.30163873025225,252.30163873025225|126.15081936512613|252.30163873025225|126.15081936512613|126.15081936512613|126.15081936512613|126.15081936512613|126.15081936512613|252.30163873025225|252.30163873025225|252.30163873025225|126.15081936512613|126.15081936512613|252.30163873025225|126.15081936512613
Natural Gas,SF,0-1499,High Income,Cold,>2000,Average Insulation,2,97035|280907,02360|02746,252.30163873025225|252.30163873025225,126.15081936512613|252.30163873025225
Natural Gas,SF,0-1499,High Income,Cold,>2000,Poor Insulation,2,106834|524595,02360|02360,252.30163873025225|252.30163873025225,126.15081936512613|126.15081936512613
Natural Gas,SF,0-1499,Low Income,Cold,1960-2000,Average Insulation,1,238670,02746,252.30163873025225,252.30163873025225
Natural Gas,SF,0-1499,Low Income,Cold,1960-2000,Poor Insulation,12,33895|60205|62038|71936|73896|162065|260143|317231|335384|463290|469008|481551,02360|02360|02360|02360|02360|02746|02746|02360|02360|02360|02360|02746,252.30163873025225|252.30163873025225|252.30163873025225|252.30163873025225|252.30163873025225|252.30163873025225|252.30163873025225|252.30163873025225|252.30163873025225|252.30163873025225|252.30163873025225|252.30163873025225,126.15081936512613|126.15081936512613|126.15081936512613|126.15081936512613|126.15081936512613|252.30163873025225|252.30163873025225|126.15081936512613|126.15081936512613|126.15081936512613|126.15081936512613|252.30163873025225
Natural Gas,SF,0-1499,Low Income,Cold,<1960,Average Insulation,1,108722,02360,252.30163873025225,126.15081936512613
Natural Gas,SF,0-1499,Low Income,Cold,<1960,Poor Insulation,30,7911|8851|32301|51776|72111|75099|79878|111024|114528|124150|183673|196441|199457|203871|223400|229529|240847|274835|295372|302961|306277|325879|338411|364953|377700|430544|436467|487095|493464|506037,02360|02746|02746|02746|02746|02360|02360|02360|02746|02746|02360|02746|02746|02360|02360|02746|02746|02360|02360|02746|02360|02360|02360|02746|02746|02746|02360|02746|02360|02746,252.30163873025225|252.30163873025225|252.30163873025225|252.30163873025225|252.30163873025225|252.30163873025225|252.30163873025225|252.30163873025225|252.30163873025225|252.30163873025225|252.30163873025225|252.30163873025225|252.30163873025225|252.30163873025225|252.30163873025225|252.30163873025225|252.30163873025225|252.30163873025225|252.30163873025225|252.30163873025225|252.30163873025225|252.30163873025225|252.30163873025225|252.30163873025225|252.30163873025225|252.30163873025225|252.30163873025225|252.30163873025225|252.30163873025225|252.30163873025225,126.15081936512613|252.30163873025225|252.30163873025225|252.30163873025225|252.30163873025225|126.15081936512613|126.15081936512613|126.15081936512613|252.30163873025225|252.30163873025225|126.15081936512613|252.30163873025225|252.30163873025225|126.15081936512613|126.15081936512613|252.30163873025225|252.30163873025225|126.15081936512613|126.15081936512613|252.30163873025225|126.15081936512613|126.15081936512613|126.15081936512613|252.30163873025225|252.30163873025225|252.30163873025225|126.15081936512613|252.30163873025225|126.15081936512613|252.30163873025225
Natural Gas,SF,0-1499,Moderate Income,Cold,1960-2000,Average Insulation,2,6384|190283,02746|02746,252.30163873025225|252.30163873025225,252.30163873025225|252.30163873025225
Natural Gas,SF,0-1499,Moderate Income,Cold,1960-2000,Poor Insulation,35,7335|21124|25307|52717|62655|64656|72609|103638|112720|124991|151617|151763|162915|167184|175937|178627|205350|223753|241529|258496|259305|278717|335721|347673|348240|383182|385229|394089|401102|405159|406465|464705|484637|495023|545506,02360|02360|02360|02746|02746|02746|02746|02360|02360|02746|02746|02360|02746|02360|02360|02360|02746|02746|02746|02746|02360|02360|02360|02746|02746|02360|02360|02746|02360|02360|02360|02360|02360|02746|02360,252.30163873025225|252.30163873025225|252.30163873025225|252.30163873025225|252.30163873025225|252.30163873025225|252.30163873025225|252.30163873025225|252.30163873025225|252.30163873025225|252.30163873025225|252.30163873025225|252.30163873025225|252.30163873025225|252.30163873025225|252.30163873025225|252.30163873025225|252.30163873025225|252.30163873025225|252.30163873025225|252.30163873025225|252.30163873025225|252.30163873025225|252.30163873025225|252.30163873025225|252.30163873025225|252.30163873025225|252.30163873025225|252.30163873025225|252.30163873025225|252.30163873025225|252.30163873025225|252.30163873025225|252.30163873025225|252.30163873025225,126.15081936512613|126.15081936512613|126.15081936512613|252.30163873025225|252.30163873025225|252.30163873025225|252.30163873025225|126.15081936512613|126.15081936512613|252.30163873025225|252.30163873025225|126.15081936512613|252.30163873025225|126.15081936512613|126.15081936512613|126.15081936512613|252.30163873025225|252.30163873025225|252.30163873025225|252.30163873025225|126.15081936512613|126.15081936512613|126.15081936512613|252.30163873025225|252.30163873025225|126.15081936512613|126.15081936512613|252.30163873025225|126.15081936512613|126.15081936512613|126.15081936512613|126.15081936512613|126.15081936512613|252.30163873025225|126.15081936512613
Natural Gas,SF,0-1499,Moderate Income,Cold,<1960,Average Insulation,2,36524|396702,02746|02746,252.30163873025225|252.30163873025225,252.30163873025225|252.30163873025225
Natural Gas,SF,0-1499,Moderate Income,Cold,<1960,Poor Insulation,32,183|3547|6071|11591|30817|52352|80854|81024|91771|96818|102580|109179|140333|169695|241739|259506|308332|342481|346228|378030|379995|389652|393262|401758|419114|423965|433812|437923|445791|479774|524826|532551,02360|02746|02360|02746|02360|02746|02746|02360|02746|02360|02746|02360|02360|02360|02746|02746|02746|02360|02746|02746|02746|02746|02360|02360|02746|02746|02746|02360|02360|02746|02360|02746,252.30163873025225|252.30163873025225|252.30163873025225|252.30163873025225|252.30163873025225|252.30163873025225|252.30163873025225|252.30163873025225|252.30163873025225|252.30163873025225|252.30163873025225|252.30163873025225|252.30163873025225|252.30163873025225|252.30163873025225|252.30163873025225|252.30163873025225|252.30163873025225|252.30163873025225|252.30163873025225|252.30163873025225|252.30163873025225|252.30163873025225|252.30163873025225|252.30163873025225|252.30163873025225|252.30163873025225|252.30163873025225|252.30163873025225|252.30163873025225|252.30163873025225|252.30163873025225,126.15081936512613|252.30163873025225|126.15081936512613|252.30163873025225|126.15081936512613|252.30163873025225|252.30163873025225|126.15081936512613|252.30163873025225|126.15081936512613|252.30163873025225|126.15081936512613|126.15081936512613|126.15081936512613|252.30163873025225|252.30163873025225|252.30163873025225|126.15081936512613|252.30163873025225|252.30163873025225|252.30163873025225|252.30163873025225|126.15081936512613|126.15081936512613|252.30163873025225|252.30163873025225|252.30163873025225|126.15081936512613|126.15081936512613|252.30163873025225|126.15081936512613|252.30163873025225
Natural Gas,SF,0-1499,Moderate Income,Cold,>2000,Average Insulation,5,207643|247412|251893|336828|398631,02746|02746|02746|02746|02360,252.30163873025225|252.30163873025225|252.30163873025225|252.30163873025225|252.30163873025225,252.30163873025225|252.30163873025225|252.30163873025225|252.30163873025225|126.15081936512613
Natural Gas,SF,0-1499,Moderate Income,Cold,>2000,Poor Insulation,2,49803|318792,02746|02360,252.30163873025225|252.30163873025225,252.30163873025225|126.15081936512613
Natural Gas,SF,1500-2499,High Income,Cold,1960-2000,Average Insulation,7,19488|153982|184983|277295|311830|427422|449381,02746|02746|02360|02360|02746|02746|02360,252.30163873025225|252.30163873025225|252.30163873025225|252.30163873025225|252.30163873025225|252.30163873025225|252.30163873025225,252.30163873025225|252.30163873025225|126.15081936512613|126.15081936512613|252.30163873025225|252.30163873025225|126.15081936512613
Natural Gas,SF,1500-2499,High Income,Cold,1960-2000,Poor Insulation,37,23574|33077|50428|60921|65550|72872|86288|91698|136518|146395|147716|149607|183107|184536|212478|224685|236860|239284|240729|253105|264588|274495|276408|282690|310078|317842|324139|341237|343010|366894|381175|415511|431426|500571|509159|515080|543829,02360|02360|02360|02746|02360|02360|02360|02360|02360|02360|02746|02746|02746|02360|02360|02746|02360|02360|02746|02360|02746|02360|02360|02360|02746|02746|02360|02360|02360|02746|02360|02360|02360|02360|02746|02360|02360,252.30163873025225|252.30163873025225|252.30163873025225|252.30163873025225|252.30163873025225|252.30163873025225|252.30163873025225|252.30163873025225|252.30163873025225|252.30163873025225|252.30163873025225|252.30163873025225|252.30163873025225|252.30163873025225|252.30163873025225|252.30163873025225|252.30163873025225|252.30163873025225|252.30163873025225|252.30163873025225|252.30163873025225|252.30163873025225|252.30163873025225|252.30163873025225|252.30163873025225|252.30163873025225|252.30163873025225|252.30163873025225|252.30163873025225|252.30163873025225|252.30163873025225|252.30163873025225|252.30163873025225|252.30163873025225|252.30163873025225|252.30163873025225|252.30163873025225,126.15081936512613|126.15081936512613|126.15081936512613|252.30163873025225|126.15081936512613|126.15081936512613|126.15081936512613|126.15081936512613|126.15081936512613|126.15081936512613|252.30163873025225|252.30163873025225|252.30163873025225|126.15081936512613|126.15081936512613|252.30163873025225|126.15081936512613|126.15081936512613|252.30163873025225|126.15081936512613|252.30163873025225|126.15081936512613|126.15081936512613|126.15081936512613|252.30163873025225|252.30163873025225|126.15081936512613|126.15081936512613|126.15081936512613|252.30163873025225|126.15081936512613|126.15081936512613|126.15081936512613|126.15081936512613|252.30163873025225|126.15081936512613|126.15081936512613
Natural Gas,SF,1500-2499,High Income,Cold,<1960,Average Insulation,1,344852,02360,252.30163873025225,126.15081936512613
Natural Gas,SF,1500-2499,High Income,Cold,<1960,Poor Insulation,42,7556|17194|32297|43892|49024|63456|78909|139426|162875|192747|196723|208874|213818|214177|223492|225682|238165|248751|251919|264384|296167|311680|315270|316471|320182|344780|347772|347931|367997|396551|399052|414723|431087|441648|462097|464520|510208|524569|539185|540486|547788|547900,02746|02360|02746|02746|02746|02360|02360|02360|02746|02360|02360|02746|02360|02360|02360|02746|02746|02746|02360|02746|02360|02746|02360|02746|02360|02360|02746|02360|02746|02746|02360|02360|02360|02746|02360|02746|02360|02746|02360|02746|02746|02360,252.30163873025225|252.30163873025225|252.30163873025225|252.30163873025225|252.30163873025225|252.30163873025225|252.30163873025225|252.30163873025225|252.30163873025225|252.30163873025225|252.30163873025225|252.30163873025225|252.30163873025225|252.30163873025225|252.30163873025225|252.30163873025225|252.30163873025225|252.30163873025225|252.30163873025225|252.30163873025225|252.30163873025225|252.30163873025225|252.30163873025225|252.30163873025225|252.30163873025225|252.30163873025225|252.30163873025225|252.30163873025225|252.30163873025225|252.30163873025225|252.30163873025225|252.30163873025225|252.30163873025225|252.30163873025225|252.30163873025225|252.30163873025225|252.30163873025225|252.30163873025225|252.30163873025225|252.30163873025225|252.30163873025225|252.30163873025225,252.30163873025225|126.15081936512613|252.30163873025225|252.30163873025225|252.30163873025225|126.15081936512613|126.15081936512613|126.15081936512613|252.30163873025225|126.15081936512613|126.15081936512613|252.30163873025225|126.15081936512613|126.15081936512613|126.15081936512613|252.30163873025225|252.30163873025225|252.30163873025225|126.15081936512613|252.30163873025225|126.15081936512613|252.30163873025225|126.15081936512613|252.30163873025225|126.15081936512613|126.15081936512613|252.30163873025225|126.15081936512613|252.30163873025225|252.30163873025225|126.15081936512613|126.15081936512613|126.15081936512613|252.30163873025225|126.15081936512613|252.30163873025225|126.15081936512613|252.30163873025225|126.15081936512613|252.30163873025225|252.30163873025225|126.15081936512613
Natural Gas,SF,1500-2499,High Income,Cold,>2000,Average Insulation,14,87240|90465|107690|151927|182111|258813|305015|311609|315125|333956|374016|377345|467887|491704,02746|02360|02360|02746|02746|02746|02360|02746|02746|02360|02360|02746|02360|02360,252.30163873025225|252.30163873025225|252.30163873025225|252.30163873025225|252.30163873025225|252.30163873025225|252.30163873025225|252.30163873025225|252.30163873025225|252.30163873025225|252.30163873025225|252.30163873025225|252.30163873025225|252.30163873025225,252.30163873025225|126.15081936512613|126.15081936512613|252.30163873025225|252.30163873025225|252.30163873025225|126.15081936512613|252.30163873025225|252.30163873025225|126.15081936512613|126.15081936512613|252.30163873025225|126.15081936512613|126.15081936512613
Natural Gas,SF,1500-2499,High Income,Cold,>2000,Good Insulation,1,206710,02360,252.30163873025225,126.15081936512613
Natural Gas,SF,1500-2499,High Income,Cold,>2000,Poor Insulation,14,24661|61911|169692|189358|204855|266334|351335|354301|382438|387476|402209|429451|503711|509827,02746|02360|02746|02746|02746|02360|02746|02746|02360|02360|02360|02360|02746|02360,252.30163873025225|252.30163873025225|252.30163873025225|252.30163873025225|252.30163873025225|252.30163873025225|252.30163873025225|252.30163873025225|252.30163873025225|252.30163873025225|252.30163873025225|252.30163873025225|252.30163873025225|252.30163873025225,252.30163873025225|126.15081936512613|252.30163873025225|252.30163873025225|252.30163873025225|126.15081936512613|252.30163873025225|252.30163873025225|126.15081936512613|126.15081936512613|126.15081936512613|126.15081936512613|252.30163873025225|126.15081936512613
Natural Gas,SF,1500-2499,Low Income,Cold,1960-2000,Poor Insulation,7,105746|181197|299959|302114|450394|492911|496034,02360|02746|02360|02360|02746|02746|02360,252.30163873025225|252.30163873025225|252.30163873025225|252.30163873025225|252.30163873025225|252.30163873025225|252.30163873025225,126.15081936512613|252.30163873025225|126.15081936512613|126.15081936512613|252.30163873025225|252.30163873025225|126.15081936512613
Natural Gas,SF,1500-2499,Low Income,Cold,<1960,Average Insulation,1,465691,02360,252.30163873025225,126.15081936512613
Natural Gas,SF,1500-2499,Low Income,Cold,<1960,Poor Insulation,17,7513|15434|19230|53828|58481|88027|115224|153149|219696|261434|261578|318339|363778|460058|477632|515493|545314,02360|02360|02746|02746|02746|02360|02746|02746|02746|02746|02746|02746|02360|02746|02360|02360|02746,252.30163873025225|252.30163873025225|252.30163873025225|252.30163873025225|252.30163873025225|252.30163873025225|252.30163873025225|252.30163873025225|252.30163873025225|252.30163873025225|252.30163873025225|252.30163873025225|252.30163873025225|252.30163873025225|252.30163873025225|252.30163873025225|252.30163873025225,126.15081936512613|126.15081936512613|252.30163873025225|252.30163873025225|252.30163873025225|126.15081936512613|252.30163873025225|252.30163873025225|252.30163873025225|252.30163873025225|252.30163873025225|252.30163873025225|126.15081936512613|252.30163873025225|126.15081936512613|126.15081936512613|252.30163873025225
Natural Gas,SF,1500-2499,Low Income,Cold,>2000,Poor Insulation,2,92978|352023,02360|02746,252.30163873025225|252.30163873025225,126.15081936512613|252.30163873025225
Natural Gas,SF,1500-2499,Moderate Income,Cold,1960-2000,Average Insulation,8,2890|14192|32275|96690|147486|306804|319932|401056,02360|02746|02746|02746|02360|02746|02746|02360,252.30163873025225|252.30163873025225|252.30163873025225|252.30163873025225|252.30163873025225|252.30163873025225|252.30163873025225|252.30163873025225,126.15081936512613|252.30163873025225|252.30163873025225|252.30163873025225|126.15081936512613|252.30163873025225|252.30163873025225|126.15081936512613
Natural Gas,SF,1500-2499,Moderate Income,Cold,1960-2000,Poor Insulation,34,305|32560|40619|52446|55866|64575|64693|72183|75963|114643|121083|124705|164925|172218|224512|226810|227757|232206|249546|292986|304275|317075|372550|373383|375536|422564|424621|431820|465134|480430|499750|512210|532236|540906,02746|02360|02746|02360|02746|02746|02746|02360|02360|02746|02746|02360|02746|02746|02746|02746|02360|02360|02746|02360|02746|02746|02360|02746|02360|02360|02360|02360|02360|02746|02746|02360|02746|02360,252.30163873025225|252.30163873025225|252.30163873025225|252.30163873025225|252.30163873025225|252.30163873025225|252.30163873025225|252.30163873025225|252.30163873025225|252.30163873025225|252.30163873025225|252.30163873025225|252.30163873025225|252.30163873025225|252.30163873025225|252.30163873025225|252.30163873025225|252.30163873025225|252.30163873025225|252.30163873025225|252.30163873025225|252.30163873025225|252.30163873025225|252.30163873025225|252.30163873025225|252.30163873025225|252.30163873025225|252.30163873025225|252.30163873025225|252.30163873025225|252.30163873025225|252.30163873025225|252.30163873025225|252.30163873025225,252.30163873025225|126.15081936512613|252.30163873025225|126.15081936512613|252.30163873025225|252.30163873025225|252.30163873025225|126.15081936512613|126.15081936512613|252.30163873025225|252.30163873025225|126.15081936512613|252.30163873025225|252.30163873025225|252.30163873025225|252.30163873025225|126.15081936512613|126.15081936512613|252.30163873025225|126.15081936512613|252.30163873025225|252.30163873025225|126.15081936512613|252.30163873025225|126.15081936512613|126.15081936512613|126.15081936512613|126.15081936512613|126.15081936512613|252.30163873025225|252.30163873025225|126.15081936512613|252.30163873025225|126.15081936512613
Natural Gas,SF,1500-2499,Moderate Income,Cold,<1960,Average Insulation,5,27258|54809|215090|266093|283316,02360|02746|02360|02746|02746,252.30163873025225|252.30163873025225|252.30163873025225|252.30163873025225|252.30163873025225,126.15081936512613|252.30163873025225|126.15081936512613|252.30163873025225|252.30163873025225
Natural Gas,SF,1500-2499,Moderate Income,Cold,<1960,Poor Insulation,22,13564|21559|24889|64559|130360|151868|160190|208022|279312|306831|369576|378214|378466|427594|433210|448751|449204|516034|517538|531911|542921|546854,02360|02360|02746|02360|02746|02746|02360|02746|02746|02360|02360|02360|02360|02360|02746|02746|02746|02360|02746|02360|02746|02746,252.30163873025225|252.30163873025225|252.30163873025225|252.30163873025225|252.30163873025225|252.30163873025225|252.30163873025225|252.30163873025225|252.30163873025225|252.30163873025225|252.30163873025225|252.30163873025225|252.30163873025225|252.30163873025225|252.30163873025225|252.30163873025225|252.30163873025225|252.30163873025225|252.30163873025225|252.30163873025225|252.30163873025225|252.30163873025225,126.15081936512613|126.15081936512613|252.30163873025225|126.15081936512613|252.30163873025225|252.30163873025225|126.15081936512613|252.30163873025225|252.30163873025225|126.15081936512613|126.15081936512613|126.15081936512613|126.15081936512613|126.15081936512613|252.30163873025225|252.30163873025225|252.30163873025225|126.15081936512613|252.30163873025225|126.15081936512613|252.30163873025225|252.30163873025225
Natural Gas,SF,1500-2499,Moderate Income,Cold,>2000,Average Insulation,6,102917|217021|468013|499979|517658|524177,02746|02360|02360|02360|02746|02746,252.30163873025225|252.30163873025225|252.30163873025225|252.30163873025225|252.30163873025225|252.30163873025225,252.30163873025225|126.15081936512613|126.15081936512613|126.15081936512613|252.30163873025225|252.30163873025225
Natural Gas,SF,1500-2499,Moderate Income,Cold,>2000,Poor Insulation,7,294710|378278|383947|413540|434432|480232|480283,02360|02360|02360|02746|02746|02360|02746,252.30163873025225|252.30163873025225|252.30163873025225|252.30163873025225|252.30163873025225|252.30163873025225|252.30163873025225,126.15081936512613|126.15081936512613|126.15081936512613|252.30163873025225|252.30163873025225|126.15081936512613|252.30163873025225
Natural Gas,SF,2500-3999,High Income,Cold,1960-2000,Average Insulation,11,47808|98850|148978|163384|198854|228673|265024|304283|470585|512734|522288,02746|02746|02360|02360|02360|02360|02360|02360|02360|02746|02360,252.30163873025225|252.30163873025225|252.30163873025225|252.30163873025225|252.30163873025225|252.30163873025225|252.30163873025225|252.30163873025225|252.30163873025225|252.30163873025225|252.30163873025225,252.30163873025225|252.30163873025225|126.15081936512613|126.15081936512613|126.15081936512613|126.15081936512613|126.15081936512613|126.15081936512613|126.15081936512613|252.30163873025225|126.15081936512613
Natural Gas,SF,2500-3999,High Income,Cold,1960-2000,Good Insulation,1,317606,02746,252.30163873025225,252.30163873025225
Natural Gas,SF,2500-3999,High Income,Cold,1960-2000,Poor Insulation,29,48114|54318|72833|95495|139679|151117|156867|191967|215995|261984|276528|281620|286149|302609|308367|319450|426751|452188|460238|495017|495161|497498|513403|519211|520416|521347|522399|530367|546166,02360|02746|02746|02360|02360|02746|02360|02360|02746|02746|02360|02746|02746|02746|02360|02746|02746|02746|02360|02360|02746|02360|02746|02746|02746|02746|02360|02746|02360,252.30163873025225|252.30163873025225|252.30163873025225|252.30163873025225|252.30163873025225|252.30163873025225|252.30163873025225|252.30163873025225|252.30163873025225|252.30163873025225|252.30163873025225|252.30163873025225|252.30163873025225|252.30163873025225|252.30163873025225|252.30163873025225|252.30163873025225|252.30163873025225|252.30163873025225|252.30163873025225|252.30163873025225|252.30163873025225|252.30163873025225|252.30163873025225|252.30163873025225|252.30163873025225|252.30163873025225|252.30163873025225|252.30163873025225,126.15081936512613|252.30163873025225|252.30163873025225|126.15081936512613|126.15081936512613|252.30163873025225|126.15081936512613|126.15081936512613|252.30163873025225|252.30163873025225|126.15081936512613|252.30163873025225|252.30163873025225|252.30163873025225|126.15081936512613|252.30163873025225|252.30163873025225|252.30163873025225|126.15081936512613|126.15081936512613|252.30163873025225|126.15081936512613|252.30163873025225|252.30163873025225|252.30163873025225|252.30163873025225|126.15081936512613|252.30163873025225|126.15081936512613
Natural Gas,SF,2500-3999,High Income,Cold,<1960,Average Insulation,3,234693|536720|538893,02360|02360|02746,252.30163873025225|252.30163873025225|252.30163873025225,126.15081936512613|126.15081936512613|252.30163873025225
Natural Gas,SF,2500-3999,High Income,Cold,<1960,Poor Insulation,16,48526|77581|167978|235420|296931|298740|304046|312430|327620|346899|374977|432860|447846|455697|498716|502541,02360|02360|02746|02360|02746|02746|02746|02746|02746|02746|02746|02360|02360|02746|02746|02746,252.30163873025225|252.30163873025225|252.30163873025225|252.30163873025225|252.30163873025225|252.30163873025225|252.30163873025225|252.30163873025225|252.30163873025225|252.30163873025225|252.30163873025225|252.30163873025225|252.30163873025225|252.30163873025225|252.30163873025225|252.30163873025225,126.15081936512613|126.15081936512613|252.30163873025225|126.15081936512613|252.30163873025225|252.30163873025225|252.30163873025225|252.30163873025225|252.30163873025225|252.30163873025225|252.30163873025225|126.15081936512613|126.15081936512613|252.30163873025225|252.30163873025225|252.30163873025225
Natural Gas,SF,2500-3999,High Income,Cold,>2000,Average Insulation,11,23281|45627|109426|140352|148474|153484|248535|400223|435301|517379|541393,02746|02360|02746|02746|02360|02746|02360|02746|02360|02360|02360,252.30163873025225|252.30163873025225|252.30163873025225|252.30163873025225|252.30163873025225|252.30163873025225|252.30163873025225|252.30163873025225|252.30163873025225|252.30163873025225|252.30163873025225,252.30163873025225|126.15081936512613|252.30163873025225|252.30163873025225|126.15081936512613|252.30163873025225|126.15081936512613|252.30163873025225|126.15081936512613|126.15081936512613|126.15081936512613
Natural Gas,SF,2500-3999,High Income,Cold,>2000,Good Insulation,2,14542|470049,02746|02360,252.30163873025225|252.30163873025225,252.30163873025225|126.15081936512613
Natural Gas,SF,2500-3999,High Income,Cold,>2000,Poor Insulation,1,207640,02746,252.30163873025225,252.30163873025225
Natural Gas,SF,2500-3999,Low Income,Cold,1960-2000,Average Insulation,1,493217,02360,252.30163873025225,126.15081936512613
Natural Gas,SF,2500-3999,Low Income,Cold,1960-2000,Poor Insulation,1,289054,02746,252.30163873025225,252.30163873025225
Natural Gas,SF,2500-3999,Low Income,Cold,<1960,Average Insulation,1,98475,02746,252.30163873025225,252.30163873025225
Natural Gas,SF,2500-3999,Low Income,Cold,<1960,Poor Insulation,2,376601|484098,02360|02746,252.30163873025225|252.30163873025225,126.15081936512613|252.30163873025225
Natural Gas,SF,2500-3999,Moderate Income,Cold,1960-2000,Average Insulation,8,138578|206702|234054|250631|255030|336127|456422|480190,02360|02746|02360|02746|02746|02360|02360|02746,252.30163873025225|252.30163873025225|252.30163873025225|252.30163873025225|252.30163873025225|252.30163873025225|252.30163873025225|252.30163873025225,126.15081936512613|252.30163873025225|126.15081936512613|252.30163873025225|252.30163873025225|126.15081936512613|126.15081936512613|252.30163873025225
Natural Gas,SF,2500-3999,Moderate Income,Cold,1960-2000,Poor Insulation,2,165065|284999,02746|02746,252.30163873025225|252.30163873025225,252.30163873025225|252.30163873025225
Natural Gas,SF,2500-3999,Moderate Income,Cold,<1960,Poor Insulation,9,3853|37664|155603|168007|243961|274353|312785|347761|384859,02746|02360|02746|02746|02360|02746|02360|02746|02746,252.30163873025225|252.30163873025225|252.30163873025225|252.30163873025225|252.30163873025225|252.30163873025225|252.30163873025225|252.30163873025225|252.30163873025225,252.30163873025225|126.15081936512613|252.30163873025225|252.30163873025225|126.15081936512613|252.30163873025225|126.15081936512613|252.30163873025225|252.30163873025225
Natural Gas,SF,4000+,High Income,Cold,1960-2000,Average Insulation,4,88016|198772|439383|520839,02360|02360|02746|02746,252.30163873025225|252.30163873025225|252.30163873025225|252.30163873025225,126.15081936512613|126.15081936512613|252.30163873025225|252.30163873025225
Natural Gas,SF,4000+,High Income,Cold,1960-2000,Good Insulation,5,197019|334997|369232|398346|529413,02746|02360|02746|02746|02746,252.30163873025225|252.30163873025225|252.30163873025225|252.30163873025225|252.30163873025225,252.30163873025225|126.15081936512613|252.30163873025225|252.30163873025225|252.30163873025225
Natural Gas,SF,4000+,High Income,Cold,<1960,Average Insulation,2,309593|465641,02746|02360,252.30163873025225|252.30163873025225,252.30163873025225|126.15081936512613
Natural Gas,SF,4000+,High Income,Cold,>2000,Average Insulation,3,126409|181712|258072,02360|02746|02360,252.30163873025225|252.30163873025225|252.30163873025225,126.15081936512613|252.30163873025225|126.15081936512613
Natural Gas,SF,4000+,High Income,Cold,>2000,Good Insulation,7,30295|39428|68929|80282|84767|312511|365181,02360|02360|02746|02360|02360|02360|02360,252.30163873025225|252.30163873025225|252.30163873025225|252.30163873025225|252.30163873025225|252.30163873025225|252.30163873025225,126.15081936512613|126.15081936512613|252.30163873025225|126.15081936512613|126.15081936512613|126.15081936512613|126.15081936512613
Natural Gas,SF,4000+,Moderate Income,Cold,1960-2000,Good Insulation,1,513356,02746,252.30163873025225,252.30163873025225
Natural Gas,Small MF,0-1499,High Income,Cold,1960-2000,Poor Insulation,7,1048|24008|64969|129031|217099|262391|504966,02746|02746|02360|02746|02746|02746|02746,252.30163873025225|252.30163873025225|252.30163873025225|252.30163873025225|252.30163873025225|252.30163873025225|252.30163873025225,252.30163873025225|252.30163873025225|126.15081936512613|252.30163873025225|252.30163873025225|252.30163873025225|252.30163873025225
Natural Gas,Small MF,0-1499,High Income,Cold,<1960,Poor Insulation,18,8812|18155|19593|49997|60014|99671|108475|150995|169862|231362|273885|279155|382996|392911|436964|458354|459473|523964,02746|02360|02746|02746|02746|02746|02746|02360|02746|02360|02746|02360|02746|02746|02746|02360|02746|02746,252.30163873025225|252.30163873025225|252.30163873025225|252.30163873025225|252.30163873025225|252.30163873025225|252.30163873025225|252.30163873025225|252.30163873025225|252.30163873025225|252.30163873025225|252.30163873025225|252.30163873025225|252.30163873025225|252.30163873025225|252.30163873025225|252.30163873025225|252.30163873025225,252.30163873025225|126.15081936512613|252.30163873025225|252.30163873025225|252.30163873025225|252.30163873025225|252.30163873025225|126.15081936512613|252.30163873025225|126.15081936512613|252.30163873025225|126.15081936512613|252.30163873025225|252.30163873025225|252.30163873025225|126.15081936512613|252.30163873025225|252.30163873025225
Natural Gas,Small MF,0-1499,High Income,Cold,>2000,Average Insulation,3,198907|510875|542603,02360|02746|02360,252.30163873025225|252.30163873025225|252.30163873025225,126.15081936512613|252.30163873025225|126.15081936512613
Natural Gas,Small MF,0-1499,Low Income,Cold,1960-2000,Poor Insulation,32,9614|20573|80531|85450|98916|102686|135581|168875|178080|180167|182639|198502|205975|207382|223387|266367|279152|292962|321974|323763|362414|370509|370937|396134|401274|405388|424849|475883|477710|523007|545031|548297,02746|02360|02746|02746|02360|02746|02360|02360|02746|02360|02746|02746|02746|02746|02746|02746|02360|02746|02746|02746|02746|02360|02746|02746|02746|02746|02746|02360|02360|02746|02746|02746,252.30163873025225|252.30163873025225|252.30163873025225|252.30163873025225|252.30163873025225|252.30163873025225|252.30163873025225|252.30163873025225|252.30163873025225|252.30163873025225|252.30163873025225|252.30163873025225|252.30163873025225|252.30163873025225|252.30163873025225|252.30163873025225|252.30163873025225|252.30163873025225|252.30163873025225|252.30163873025225|252.30163873025225|252.30163873025225|252.30163873025225|252.30163873025225|252.30163873025225|252.30163873025225|252.30163873025225|252.30163873025225|252.30163873025225|252.30163873025225|252.30163873025225|252.30163873025225,252.30163873025225|126.15081936512613|252.30163873025225|252.30163873025225|126.15081936512613|252.30163873025225|126.15081936512613|126.15081936512613|252.30163873025225|126.15081936512613|252.30163873025225|252.30163873025225|252.30163873025225|252.30163873025225|252.30163873025225|252.30163873025225|126.15081936512613|252.30163873025225|252.30163873025225|252.30163873025225|252.30163873025225|126.15081936512613|252.30163873025225|252.30163873025225|252.30163873025225|252.30163873025225|252.30163873025225|126.15081936512613|126.15081936512613|252.30163873025225|252.30163873025225|252.30163873025225
Natural Gas,Small MF,0-1499,Low Income,Cold,<1960,Average Insulation,3,31288|505327|517902,02746|02746|02360,252.30163873025225|252.30163873025225|252.30163873025225,252.30163873025225|252.30163873025225|126.15081936512613
Natural Gas,Small MF,0-1499,Low Income,Cold,<1960,Poor Insulation,95,14606|19977|20303|20585|20613|23507|29349|29530|38095|54563|55790|57144|59832|75700|76739|82209|89332|96797|111487|113061|113396|114406|121784|124743|137397|142689|144477|147878|169206|171868|172076|174042|178649|193938|206117|212579|220952|247915|247980|249468|251243|255393|259248|266409|268043|271961|281354|291713|295442|301489|303349|305227|306312|310467|313710|320952|326731|343534|344016|348377|353852|359441|360774|366452|369973|386085|395770|399092|401776|412770|414057|423982|427185|427208|427567|433246|451706|453717|458743|462028|465859|474352|475301|475362|484290|488173|492449|495243|523432|539157|540476|541263|544279|546478|548111,02746|02746|02746|02746|02746|02746|02746|02746|02746|02746|02746|02360|02746|02746|02746|02746|02746|02746|02360|02746|02746|02746|02746|02746|02746|02360|02360|02746|02746|02746|02746|02746|02746|02746|02746|02746|02746|02746|02360|02746|02746|02746|02360|02746|02746|02746|02360|02746|02746|02746|02746|02746|02360|02746|02360|02746|02746|02746|02746|02746|02360|02746|02746|02360|02746|02746|02746|02746|02360|02746|02746|02746|02746|02746|02746|02746|02360|02746|02746|02746|02746|02746|02746|02746|02746|02746|02746|02746|02746|02746|02360|02746|02746|02360|02746,252.30163873025225|252.30163873025225|252.30163873025225|252.30163873025225|252.30163873025225|252.30163873025225|252.30163873025225|252.30163873025225|252.30163873025225|252.30163873025225|252.30163873025225|252.30163873025225|252.30163873025225|252.30163873025225|252.30163873025225|252.30163873025225|252.30163873025225|252.30163873025225|252.30163873025225|252.30163873025225|252.30163873025225|252.30163873025225|252.30163873025225|252.30163873025225|252.30163873025225|252.30163873025225|252.30163873025225|252.30163873025225|252.30163873025225|252.30163873025225|252.30163873025225|252.30163873025225|252.30163873025225|252.30163873025225|252.30163873025225|252.30163873025225|252.30163873025225|252.30163873025225|252.30163873025225|252.30163873025225|252.30163873025225|252.30163873025225|252.30163873025225|252.30163873025225|252.30163873025225|252.30163873025225|252.30163873025225|252.30163873025225|252.30163873025225|252.30163873025225|252.30163873025225|252.30163873025225|252.30163873025225|252.30163873025225|252.30163873025225|252.30163873025225|252.30163873025225|252.30163873025225|252.30163873025225|252.30163873025225|252.30163873025225|252.30163873025225|252.30163873025225|252.30163873025225|252.30163873025225|252.30163873025225|252.30163873025225|252.30163873025225|252.30163873025225|252.30163873025225|252.30163873025225|252.30163873025225|252.30163873025225|252.30163873025225|252.30163873025225|252.30163873025225|252.30163873025225|252.30163873025225|252.30163873025225|252.30163873025225|252.30163873025225|252.30163873025225|252.30163873025225|252.30163873025225|252.30163873025225|252.30163873025225|252.30163873025225|252.30163873025225|252.30163873025225|252.30163873025225|252.30163873025225|252.30163873025225|252.30163873025225|252.30163873025225|252.30163873025225,252.30163873025225|252.30163873025225|252.30163873025225|252.30163873025225|252.30163873025225|252.30163873025225|252.30163873025225|252.30163873025225|252.30163873025225|252.30163873025225|252.30163873025225|126.15081936512613|252.30163873025225|252.30163873025225|252.30163873025225|252.30163873025225|252.30163873025225|252.30163873025225|126.15081936512613|252.30163873025225|252.30163873025225|252.30163873025225|252.30163873025225|252.30163873025225|252.30163873025225|126.15081936512613|126.15081936512613|252.30163873025225|252.30163873025225|252.30163873025225|252.30163873025225|252.30163873025225|252.30163873025225|252.30163873025225|252.30163873025225|252.30163873025225|252.30163873025225|252.30163873025225|126.15081936512613|252.30163873025225|252.30163873025225|252.30163873025225|126.15081936512613|252.30163873025225|252.30163873025225|252.30163873025225|126.15081936512613|252.30163873025225|252.30163873025225|252.30163873025225|252.30163873025225|252.30163873025225|126.15081936512613|252.30163873025225|126.15081936512613|252.30163873025225|252.30163873025225|252.30163873025225|252.30163873025225|252.30163873025225|126.15081936512613|252.30163873025225|252.30163873025225|126.15081936512613|252.30163873025225|252.30163873025225|252.30163873025225|252.30163873025225|126.15081936512613|252.30163873025225|252.30163873025225|252.30163873025225|252.30163873025225|252.30163873025225|252.30163873025225|252.30163873025225|126.15081936512613|252.30163873025225|252.30163873025225|252.30163873025225|252.30163873025225|252.30163873025225|252.30163873025225|252.30163873025225|252.30163873025225|252.30163873025225|252.30163873025225|252.30163873025225|252.30163873025225|252.30163873025225|126.15081936512613|252.30163873025225|252.30163873025225|126.15081936512613|252.30163873025225
Natural Gas,Small MF,0-1499,Low Income,Cold,>2000,Poor Insulation,2,217989|445071,02746|02360,252.30163873025225|252.30163873025225,252.30163873025225|126.15081936512613
Natural Gas,Small MF,0-1499,Moderate Income,Cold,1960-2000,Average Insulation,1,182614,02360,252.30163873025225,126.15081936512613
Natural Gas,Small MF,0-1499,Moderate Income,Cold,1960-2000,Poor Insulation,24,18302|48271|102282|116089|135930|141924|156080|159590|190982|195324|209804|239135|244613|284309|333409|355935|369924|429232|430713|485207|498557|505175|507938|536428,02746|02746|02746|02360|02746|02746|02746|02746|02746|02746|02360|02746|02360|02746|02746|02746|02746|02746|02746|02746|02746|02746|02360|02360,252.30163873025225|252.30163873025225|252.30163873025225|252.30163873025225|252.30163873025225|252.30163873025225|252.30163873025225|252.30163873025225|252.30163873025225|252.30163873025225|252.30163873025225|252.30163873025225|252.30163873025225|252.30163873025225|252.30163873025225|252.30163873025225|252.30163873025225|252.30163873025225|252.30163873025225|252.30163873025225|252.30163873025225|252.30163873025225|252.30163873025225|252.30163873025225,252.30163873025225|252.30163873025225|252.30163873025225|126.15081936512613|252.30163873025225|252.30163873025225|252.30163873025225|252.30163873025225|252.30163873025225|252.30163873025225|126.15081936512613|252.30163873025225|126.15081936512613|252.30163873025225|252.30163873025225|252.30163873025225|252.30163873025225|252.30163873025225|252.30163873025225|252.30163873025225|252.30163873025225|252.30163873025225|126.15081936512613|126.15081936512613
Natural Gas,Small MF,0-1499,Moderate Income,Cold,<1960,Average Insulation,6,151196|186051|250833|288463|323385|537458,02746|02746|02746|02746|02746|02746,252.30163873025225|252.30163873025225|252.30163873025225|252.30163873025225|252.30163873025225|252.30163873025225,252.30163873025225|252.30163873025225|252.30163873025225|252.30163873025225|252.30163873025225|252.30163873025225
Natural Gas,Small MF,0-1499,Moderate Income,Cold,<1960,Poor Insulation,76,9243|10905|13578|13601|44476|45160|46332|48528|72227|78040|82864|91153|93881|95866|115461|125471|134632|150025|157531|164194|171021|192044|197024|207485|210693|211132|216766|222843|227180|235405|279230|281335|299452|300529|304643|308738|312586|316121|318483|325528|334519|335155|348295|357323|358026|359415|368549|369954|374716|377928|387730|394492|394652|403181|404519|410829|412865|415653|421911|429439|432386|432754|449357|469654|474774|478483|479522|496160|496212|497239|498798|506511|516646|520360|542677|546571,02746|02746|02746|02746|02746|02746|02746|02360|02360|02360|02360|02746|02360|02746|02746|02360|02360|02746|02746|02746|02360|02746|02746|02746|02746|02746|02746|02746|02360|02746|02746|02360|02746|02360|02746|02746|02746|02746|02746|02746|02746|02746|02746|02746|02746|02746|02746|02360|02746|02746|02360|02746|02746|02746|02746|02746|02360|02746|02746|02746|02746|02360|02746|02746|02746|02360|02746|02360|02746|02746|02746|02746|02360|02360|02746|02746,252.30163873025225|252.30163873025225|252.30163873025225|252.30163873025225|252.30163873025225|252.30163873025225|252.30163873025225|252.30163873025225|252.30163873025225|252.30163873025225|252.30163873025225|252.30163873025225|252.30163873025225|252.30163873025225|252.30163873025225|252.30163873025225|252.30163873025225|252.30163873025225|252.30163873025225|252.30163873025225|252.30163873025225|252.30163873025225|252.30163873025225|252.30163873025225|252.30163873025225|252.30163873025225|252.30163873025225|252.30163873025225|252.30163873025225|252.30163873025225|252.30163873025225|252.30163873025225|252.30163873025225|252.30163873025225|252.30163873025225|252.30163873025225|252.30163873025225|252.30163873025225|252.30163873025225|252.30163873025225|252.30163873025225|252.30163873025225|252.30163873025225|252.30163873025225|252.30163873025225|252.30163873025225|252.30163873025225|252.30163873025225|252.30163873025225|252.30163873025225|252.30163873025225|252.30163873025225|252.30163873025225|252.30163873025225|252.30163873025225|252.30163873025225|252.30163873025225|252.30163873025225|252.30163873025225|252.30163873025225|252.30163873025225|252.30163873025225|252.30163873025225|252.30163873025225|252.30163873025225|252.30163873025225|252.30163873025225|252.30163873025225|252.30163873025225|252.30163873025225|252.30163873025225|252.30163873025225|252.30163873025225|252.30163873025225|252.30163873025225|252.30163873025225,252.30163873025225|252.30163873025225|252.30163873025225|252.30163873025225|252.30163873025225|252.30163873025225|252.30163873025225|126.15081936512613|126.15081936512613|126.15081936512613|126.15081936512613|252.30163873025225|126.15081936512613|252.30163873025225|252.30163873025225|126.15081936512613|126.15081936512613|252.30163873025225|252.30163873025225|252.30163873025225|126.15081936512613|252.30163873025225|252.30163873025225|252.30163873025225|252.30163873025225|252.30163873025225|252.30163873025225|252.30163873025225|126.15081936512613|252.30163873025225|252.30163873025225|126.15081936512613|252.30163873025225|126.15081936512613|252.30163873025225|252.30163873025225|252.30163873025225|252.30163873025225|252.30163873025225|252.30163873025225|252.30163873025225|252.30163873025225|252.30163873025225|252.30163873025225|252.30163873025225|252.30163873025225|252.30163873025225|126.15081936512613|252.30163873025225|252.30163873025225|126.15081936512613|252.30163873025225|252.30163873025225|252.30163873025225|252.30163873025225|252.30163873025225|126.15081936512613|252.30163873025225|252.30163873025225|252.30163873025225|252.30163873025225|126.15081936512613|252.30163873025225|252.30163873025225|252.30163873025225|126.15081936512613|252.30163873025225|126.15081936512613|252.30163873025225|252.30163873025225|252.30163873025225|252.30163873025225|126.15081936512613|126.15081936512613|252.30163873025225|252.30163873025225
Natural Gas,Small MF,0-1499,Moderate Income,Cold,>2000,Average Insulation,2,85676|113432,02746|02746,252.30163873025225|252.30163873025225,252.30163873025225|252.30163873025225
Natural Gas,Small MF,0-1499,Moderate Income,Cold,>2000,Poor Insulation,3,16056|134382|283703,02746|02360|02360,252.30163873025225|252.30163873025225|252.30163873025225,252.30163873025225|126.15081936512613|126.15081936512613
Natural Gas,Small MF,1500-2499,High Income,Cold,<1960,Poor Insulation,1,153733,02746,252.30163873025225,252.30163873025225
Natural Gas,Small MF,1500-2499,Low Income,Cold,1960-2000,Poor Insulation,1,93614,02746,252.30163873025225,252.30163873025225
Natural Gas,Small MF,1500-2499,Low Income,Cold,<1960,Poor Insulation,4,164616|184790|227797|480597,02746|02746|02746|02360,252.30163873025225|252.30163873025225|252.30163873025225|252.30163873025225,252.30163873025225|252.30163873025225|252.30163873025225|126.15081936512613
Natural Gas,Small MF,1500-2499,Moderate Income,Cold,1960-2000,Poor Insulation,1,123202,02746,252.30163873025225,252.30163873025225
Natural Gas,Small MF,1500-2499,Moderate Income,Cold,<1960,Poor Insulation,1,196233,02746,252.30163873025225,252.30163873025225
Natural Gas,Small MF,2500-3999,High Income,Cold,<1960,Average Insulation,1,361677,02360,252.30163873025225,126.15081936512613
Natural Gas,Small MF,2500-3999,Moderate Income,Cold,<1960,Poor Insulation,3,310860|372682|528098,02746|02746|02746,252.30163873025225|252.30163873025225|252.30163873025225,252.30163873025225|252.30163873025225|252.30163873025225
Natural Gas,Small MF,4000+,High Income,Cold,<1960,Average Insulation,2,206645|544734,02746|02360,252.30163873025225|252.30163873025225,252.30163873025225|126.15081936512613
Natural Gas,Small MF,4000+,Low Income,Cold,<1960,Average Insulation,1,166263,02746,252.30163873025225,252.30163873025225
Natural Gas,Small MF,4000+,Low Income,Cold,<1960,Poor Insulation,1,445553,02360,252.30163873025225,126.15081936512613
Other,Large MF,0-1499,Low Income,Cold,1960-2000,Poor Insulation,1,55758,02746,252.30163873025225,252.30163873025225
Other,Large MF,0-1499,Low Income,Cold,<1960,Average Insulation,1,394161,02746,252.30163873025225,252.30163873025225
Other,Large MF,0-1499,Low Income,Cold,<1960,Poor Insulation,2,104593|303942,02360|02746,252.30163873025225|252.30163873025225,126.15081936512613|252.30163873025225
Other,Mobile,0-1499,High Income,Cold,1960-2000,Poor Insulation,1,32150,02360,252.30163873025225,126.15081936512613
Other,Mobile,0-1499,Low Income,Cold,1960-2000,Average Insulation,1,292491,02360,252.30163873025225,126.15081936512613
Other,Mobile,0-1499,Low Income,Cold,1960-2000,Poor Insulation,11,103640|103959|119581|215161|287208|351367|352351|436808|464332|481290|546713,02746|02360|02360|02360|02746|02746|02360|02360|02360|02360|02360,252.30163873025225|252.30163873025225|252.30163873025225|252.30163873025225|252.30163873025225|252.30163873025225|252.30163873025225|252.30163873025225|252.30163873025225|252.30163873025225|252.30163873025225,252.30163873025225|126.15081936512613|126.15081936512613|126.15081936512613|252.30163873025225|252.30163873025225|126.15081936512613|126.15081936512613|126.15081936512613|126.15081936512613|126.15081936512613
Other,Mobile,0-1499,Moderate Income,Cold,1960-2000,Poor Insulation,5,22319|52653|371608|418259|507189,02360|02360|02746|02360|02746,252.30163873025225|252.30163873025225|252.30163873025225|252.30163873025225|252.30163873025225,126.15081936512613|126.15081936512613|252.30163873025225|126.15081936512613|252.30163873025225
Other,Mobile,1500-2499,Low Income,Cold,1960-2000,Poor Insulation,1,357381,02746,252.30163873025225,252.30163873025225
Other,SF,0-1499,High Income,Cold,1960-2000,Average Insulation,2,182953|398150,02360|02360,252.30163873025225|252.30163873025225,126.15081936512613|126.15081936512613
Other,SF,0-1499,High Income,Cold,1960-2000,Poor Insulation,13,105388|227035|236962|250593|258205|272472|304748|328250|377621|384297|384554|481110|513163,02746|02360|02360|02746|02360|02360|02360|02360|02360|02360|02746|02746|02746,252.30163873025225|252.30163873025225|252.30163873025225|252.30163873025225|252.30163873025225|252.30163873025225|252.30163873025225|252.30163873025225|252.30163873025225|252.30163873025225|252.30163873025225|252.30163873025225|252.30163873025225,252.30163873025225|126.15081936512613|126.15081936512613|252.30163873025225|126.15081936512613|126.15081936512613|126.15081936512613|126.15081936512613|126.15081936512613|126.15081936512613|252.30163873025225|252.30163873025225|252.30163873025225
Other,SF,0-1499,High Income,Cold,<1960,Poor Insulation,22,67036|107379|136671|198797|211920|221185|230354|278161|303270|316804|322626|338514|379465|414961|426223|440566|454296|499696|535903|542756|549087|549164,02746|02360|02746|02360|02360|02746|02746|02746|02746|02360|02360|02360|02360|02360|02360|02746|02360|02746|02360|02746|02360|02360,252.30163873025225|252.30163873025225|252.30163873025225|252.30163873025225|252.30163873025225|252.30163873025225|252.30163873025225|252.30163873025225|252.30163873025225|252.30163873025225|252.30163873025225|252.30163873025225|252.30163873025225|252.30163873025225|252.30163873025225|252.30163873025225|252.30163873025225|252.30163873025225|252.30163873025225|252.30163873025225|252.30163873025225|252.30163873025225,252.30163873025225|126.15081936512613|252.30163873025225|126.15081936512613|126.15081936512613|252.30163873025225|252.30163873025225|252.30163873025225|252.30163873025225|126.15081936512613|126.15081936512613|126.15081936512613|126.15081936512613|126.15081936512613|126.15081936512613|252.30163873025225|126.15081936512613|252.30163873025225|126.15081936512613|252.30163873025225|126.15081936512613|126.15081936512613
Other,SF,0-1499,High Income,Cold,>2000,Average Insulation,4,72092|138345|148771|437627,02746|02746|02746|02746,252.30163873025225|252.30163873025225|252.30163873025225|252.30163873025225,252.30163873025225|252.30163873025225|252.30163873025225|252.30163873025225
Other,SF,0-1499,High Income,Cold,>2000,Poor Insulation,2,12644|374581,02746|02746,252.30163873025225|252.30163873025225,252.30163873025225|252.30163873025225
Other,SF,0-1499,Low Income,Cold,1960-2000,Average Insulation,3,9979|28994|466577,02360|02746|02746,252.30163873025225|252.30163873025225|252.30163873025225,126.15081936512613|252.30163873025225|252.30163873025225
Other,SF,0-1499,Low Income,Cold,1960-2000,Poor Insulation,7,8778|24162|249014|334918|387864|469974|500884,02360|02746|02360|02360|02360|02746|02746,252.30163873025225|252.30163873025225|252.30163873025225|252.30163873025225|252.30163873025225|252.30163873025225|252.30163873025225,126.15081936512613|252.30163873025225|126.15081936512613|126.15081936512613|126.15081936512613|252.30163873025225|252.30163873025225
Other,SF,0-1499,Low Income,Cold,<1960,Poor Insulation,10,8901|45680|75154|160585|276100|387785|434810|453115|505970|530802,02360|02360|02746|02746|02360|02360|02360|02746|02746|02360,252.30163873025225|252.30163873025225|252.30163873025225|252.30163873025225|252.30163873025225|252.30163873025225|252.30163873025225|252.30163873025225|252.30163873025225|252.30163873025225,126.15081936512613|126.15081936512613|252.30163873025225|252.30163873025225|126.15081936512613|126.15081936512613|126.15081936512613|252.30163873025225|252.30163873025225|126.15081936512613
Other,SF,0-1499,Moderate Income,Cold,1960-2000,Average Insulation,9,3775|60623|67261|285291|325180|356146|384388|438215|497200,02746|02746|02746|02360|02746|02360|02360|02746|02360,252.30163873025225|252.30163873025225|252.30163873025225|252.30163873025225|252.30163873025225|252.30163873025225|252.30163873025225|252.30163873025225|252.30163873025225,252.30163873025225|252.30163873025225|252.30163873025225|126.15081936512613|252.30163873025225|126.15081936512613|126.15081936512613|252.30163873025225|126.15081936512613
Other,SF,0-1499,Moderate Income,Cold,1960-2000,Poor Insulation,33,1274|37000|49077|56193|60836|63547|64284|67238|70471|89062|146639|148905|157021|166113|198235|199243|209008|214447|227582|287412|300509|323979|346137|373416|413915|423157|453271|462457|487550|500319|532020|544416|549816,02746|02360|02360|02360|02746|02360|02746|02360|02360|02746|02360|02360|02746|02746|02360|02746|02746|02360|02360|02746|02746|02360|02360|02360|02746|02746|02360|02360|02746|02746|02360|02746|02360,252.30163873025225|252.30163873025225|252.30163873025225|252.30163873025225|252.30163873025225|252.30163873025225|252.30163873025225|252.30163873025225|252.30163873025225|252.30163873025225|252.30163873025225|252.30163873025225|252.30163873025225|252.30163873025225|252.30163873025225|252.30163873025225|252.30163873025225|252.30163873025225|252.30163873025225|252.30163873025225|252.30163873025225|252.30163873025225|252.30163873025225|252.30163873025225|252.30163873025225|252.30163873025225|252.30163873025225|252.30163873025225|252.30163873025225|252.30163873025225|252.30163873025225|252.30163873025225|252.30163873025225,252.30163873025225|126.15081936512613|126.15081936512613|126.15081936512613|252.30163873025225|126.15081936512613|252.30163873025225|126.15081936512613|126.15081936512613|252.30163873025225|126.15081936512613|126.15081936512613|252.30163873025225|252.30163873025225|126.15081936512613|252.30163873025225|252.30163873025225|126.15081936512613|126.15081936512613|252.30163873025225|252.30163873025225|126.15081936512613|126.15081936512613|126.15081936512613|252.30163873025225|252.30163873025225|126.15081936512613|126.15081936512613|252.30163873025225|252.30163873025225|126.15081936512613|252.30163873025225|126.15081936512613
Other,SF,0-1499,Moderate Income,Cold,<1960,Average Insulation,1,214609,02746,252.30163873025225,252.30163873025225
Other,SF,0-1499,Moderate Income,Cold,<1960,Poor Insulation,39,7310|13350|17858|36849|76343|101466|119897|132971|141514|164399|165828|170575|182387|194032|215265|245120|266527|271675|274030|280675|292772|307832|315818|367474|380241|380247|396861|406261|414493|429917|437468|446244|448693|460787|461053|477640|516376|519918|548798,02746|02360|02360|02360|02360|02360|02746|02746|02360|02360|02360|02746|02360|02746|02360|02746|02360|02746|02360|02746|02360|02360|02360|02360|02360|02360|02360|02360|02360|02360|02746|02746|02746|02360|02746|02360|02360|02360|02746,252.30163873025225|252.30163873025225|252.30163873025225|252.30163873025225|252.30163873025225|252.30163873025225|252.30163873025225|252.30163873025225|252.30163873025225|252.30163873025225|252.30163873025225|252.30163873025225|252.30163873025225|252.30163873025225|252.30163873025225|252.30163873025225|252.30163873025225|252.30163873025225|252.30163873025225|252.30163873025225|252.30163873025225|252.30163873025225|252.30163873025225|252.30163873025225|252.30163873025225|252.30163873025225|252.30163873025225|252.30163873025225|252.30163873025225|252.30163873025225|252.30163873025225|252.30163873025225|252.30163873025225|252.30163873025225|252.30163873025225|252.30163873025225|252.30163873025225|252.30163873025225|252.30163873025225,252.30163873025225|126.15081936512613|126.15081936512613|126.15081936512613|126.15081936512613|126.15081936512613|252.30163873025225|252.30163873025225|126.15081936512613|126.15081936512613|126.15081936512613|252.30163873025225|126.15081936512613|252.30163873025225|126.15081936512613|252.30163873025225|126.15081936512613|252.30163873025225|126.15081936512613|252.30163873025225|126.15081936512613|126.15081936512613|126.15081936512613|126.15081936512613|126.15081936512613|126.15081936512613|126.15081936512613|126.15081936512613|126.15081936512613|126.15081936512613|252.30163873025225|252.30163873025225|252.30163873025225|126.15081936512613|252.30163873025225|126.15081936512613|126.15081936512613|126.15081936512613|252.30163873025225
Other,SF,0-1499,Moderate Income,Cold,>2000,Average Insulation,2,190767|391185,02360|02360,252.30163873025225|252.30163873025225,126.15081936512613|126.15081936512613
Other,SF,0-1499,Moderate Income,Cold,>2000,Poor Insulation,1,155590,02360,252.30163873025225,126.15081936512613
Other,SF,1500-2499,High Income,Cold,1960-2000,Average Insulation,21,761|22313|34603|46092|49420|86332|97496|108769|110465|127749|179020|272591|325312|371929|389928|437945|450585|454617|511324|523247|549732,02360|02746|02360|02360|02360|02746|02746|02360|02746|02360|02360|02746|02746|02746|02746|02746|02360|02746|02360|02746|02360,252.30163873025225|252.30163873025225|252.30163873025225|252.30163873025225|252.30163873025225|252.30163873025225|252.30163873025225|252.30163873025225|252.30163873025225|252.30163873025225|252.30163873025225|252.30163873025225|252.30163873025225|252.30163873025225|252.30163873025225|252.30163873025225|252.30163873025225|252.30163873025225|252.30163873025225|252.30163873025225|252.30163873025225,126.15081936512613|252.30163873025225|126.15081936512613|126.15081936512613|126.15081936512613|252.30163873025225|252.30163873025225|126.15081936512613|252.30163873025225|126.15081936512613|126.15081936512613|252.30163873025225|252.30163873025225|252.30163873025225|252.30163873025225|252.30163873025225|126.15081936512613|252.30163873025225|126.15081936512613|252.30163873025225|126.15081936512613
Other,SF,1500-2499,High Income,Cold,1960-2000,Good Insulation,1,193728,02360,252.30163873025225,126.15081936512613
Other,SF,1500-2499,High Income,Cold,1960-2000,Poor Insulation,39,9463|76317|109201|114261|137504|138841|145446|147991|151933|175332|184472|209857|229074|229101|239650|263184|271682|272855|284258|295177|305695|306696|312150|361655|362020|368504|376126|376582|388486|402603|426930|435937|458811|481746|488229|492140|519372|527521|541874,02746|02746|02360|02360|02360|02746|02746|02360|02746|02746|02360|02360|02360|02360|02360|02746|02360|02746|02746|02746|02746|02360|02360|02360|02360|02360|02360|02360|02360|02360|02360|02746|02360|02746|02360|02360|02746|02360|02360,252.30163873025225|252.30163873025225|252.30163873025225|252.30163873025225|252.30163873025225|252.30163873025225|252.30163873025225|252.30163873025225|252.30163873025225|252.30163873025225|252.30163873025225|252.30163873025225|252.30163873025225|252.30163873025225|252.30163873025225|252.30163873025225|252.30163873025225|252.30163873025225|252.30163873025225|252.30163873025225|252.30163873025225|252.30163873025225|252.30163873025225|252.30163873025225|252.30163873025225|252.30163873025225|252.30163873025225|252.30163873025225|252.30163873025225|252.30163873025225|252.30163873025225|252.30163873025225|252.30163873025225|252.30163873025225|252.30163873025225|252.30163873025225|252.30163873025225|252.30163873025225|252.30163873025225,252.30163873025225|252.30163873025225|126.15081936512613|126.15081936512613|126.15081936512613|252.30163873025225|252.30163873025225|126.15081936512613|252.30163873025225|252.30163873025225|126.15081936512613|126.15081936512613|126.15081936512613|126.15081936512613|126.15081936512613|252.30163873025225|126.15081936512613|252.30163873025225|252.30163873025225|252.30163873025225|252.30163873025225|126.15081936512613|126.15081936512613|126.15081936512613|126.15081936512613|126.15081936512613|126.15081936512613|126.15081936512613|126.15081936512613|126.15081936512613|126.15081936512613|252.30163873025225|126.15081936512613|252.30163873025225|126.15081936512613|126.15081936512613|252.30163873025225|126.15081936512613|126.15081936512613
Other,SF,1500-2499,High Income,Cold,<1960,Average Insulation,6,83854|116005|160307|161616|220414|507438,02360|02746|02360|02360|02746|02360,252.30163873025225|252.30163873025225|252.30163873025225|252.30163873025225|252.30163873025225|252.30163873025225,126.15081936512613|252.30163873025225|126.15081936512613|126.15081936512613|252.30163873025225|126.15081936512613
Other,SF,1500-2499,High Income,Cold,<1960,Poor Insulation,40,15963|20322|29762|31648|34609|47457|55605|56052|70912|80574|88641|119927|120625|143726|154056|175936|192903|209171|287212|291542|292733|314038|324334|341275|344259|350204|351336|364995|369107|372644|386997|409890|439810|460237|462964|487968|511790|511980|515037|525468,02360|02746|02746|02360|02360|02746|02746|02746|02360|02360|02360|02360|02746|02360|02360|02360|02360|02746|02746|02746|02746|02746|02746|02360|02360|02360|02360|02746|02360|02360|02360|02360|02360|02746|02746|02360|02360|02360|02746|02360,252.30163873025225|252.30163873025225|252.30163873025225|252.30163873025225|252.30163873025225|252.30163873025225|252.30163873025225|252.30163873025225|252.30163873025225|252.30163873025225|252.30163873025225|252.30163873025225|252.30163873025225|252.30163873025225|252.30163873025225|252.30163873025225|252.30163873025225|252.30163873025225|252.30163873025225|252.30163873025225|252.30163873025225|252.30163873025225|252.30163873025225|252.30163873025225|252.30163873025225|252.30163873025225|252.30163873025225|252.30163873025225|252.30163873025225|252.30163873025225|252.30163873025225|252.30163873025225|252.30163873025225|252.30163873025225|252.30163873025225|252.30163873025225|252.30163873025225|252.30163873025225|252.30163873025225|252.30163873025225,126.15081936512613|252.30163873025225|252.30163873025225|126.15081936512613|126.15081936512613|252.30163873025225|252.30163873025225|252.30163873025225|126.15081936512613|126.15081936512613|126.15081936512613|126.15081936512613|252.30163873025225|126.15081936512613|126.15081936512613|126.15081936512613|126.15081936512613|252.30163873025225|252.30163873025225|252.30163873025225|252.30163873025225|252.30163873025225|252.30163873025225|126.15081936512613|126.15081936512613|126.15081936512613|126.15081936512613|252.30163873025225|126.15081936512613|126.15081936512613|126.15081936512613|126.15081936512613|126.15081936512613|252.30163873025225|252.30163873025225|126.15081936512613|126.15081936512613|126.15081936512613|252.30163873025225|126.15081936512613
Other,SF,1500-2499,High Income,Cold,>2000,Average Insulation,14,27392|76220|88671|148912|149904|252409|313513|345060|366200|386038|414186|436572|472901|548266,02746|02360|02360|02360|02746|02360|02746|02360|02746|02746|02360|02746|02360|02746,252.30163873025225|252.30163873025225|252.30163873025225|252.30163873025225|252.30163873025225|252.30163873025225|252.30163873025225|252.30163873025225|252.30163873025225|252.30163873025225|252.30163873025225|252.30163873025225|252.30163873025225|252.30163873025225,252.30163873025225|126.15081936512613|126.15081936512613|126.15081936512613|252.30163873025225|126.15081936512613|252.30163873025225|126.15081936512613|252.30163873025225|252.30163873025225|126.15081936512613|252.30163873025225|126.15081936512613|252.30163873025225
Other,SF,1500-2499,High Income,Cold,>2000,Good Insulation,1,372681,02746,252.30163873025225,252.30163873025225
Other,SF,1500-2499,High Income,Cold,>2000,Poor Insulation,9,15831|18293|79221|178459|214746|262281|296033|307489|486271,02360|02360|02746|02746|02746|02746|02360|02360|02746,252.30163873025225|252.30163873025225|252.30163873025225|252.30163873025225|252.30163873025225|252.30163873025225|252.30163873025225|252.30163873025225|252.30163873025225,126.15081936512613|126.15081936512613|252.30163873025225|252.30163873025225|252.30163873025225|252.30163873025225|126.15081936512613|126.15081936512613|252.30163873025225
Other,SF,1500-2499,Low Income,Cold,1960-2000,Poor Insulation,14,6634|59340|100728|142369|143073|219495|253610|265144|386160|387620|419393|451731|478181|484324,02746|02360|02746|02360|02360|02746|02360|02360|02360|02360|02746|02746|02360|02360,252.30163873025225|252.30163873025225|252.30163873025225|252.30163873025225|252.30163873025225|252.30163873025225|252.30163873025225|252.30163873025225|252.30163873025225|252.30163873025225|252.30163873025225|252.30163873025225|252.30163873025225|252.30163873025225,252.30163873025225|126.15081936512613|252.30163873025225|126.15081936512613|126.15081936512613|252.30163873025225|126.15081936512613|126.15081936512613|126.15081936512613|126.15081936512613|252.30163873025225|252.30163873025225|126.15081936512613|126.15081936512613
Other,SF,1500-2499,Low Income,Cold,<1960,Poor Insulation,13,11515|32370|107102|191709|213133|229573|250159|256474|326122|411457|445541|478696|532480,02746|02746|02360|02746|02360|02746|02746|02360|02746|02746|02360|02360|02746,252.30163873025225|252.30163873025225|252.30163873025225|252.30163873025225|252.30163873025225|252.30163873025225|252.30163873025225|252.30163873025225|252.30163873025225|252.30163873025225|252.30163873025225|252.30163873025225|252.30163873025225,252.30163873025225|252.30163873025225|126.15081936512613|252.30163873025225|126.15081936512613|252.30163873025225|252.30163873025225|126.15081936512613|252.30163873025225|252.30163873025225|126.15081936512613|126.15081936512613|252.30163873025225
Other,SF,1500-2499,Moderate Income,Cold,1960-2000,Average Insulation,9,62398|91113|179104|227206|268888|385047|447942|450683|513009,02360|02746|02360|02360|02746|02746|02360|02746|02360,252.30163873025225|252.30163873025225|252.30163873025225|252.30163873025225|252.30163873025225|252.30163873025225|252.30163873025225|252.30163873025225|252.30163873025225,126.15081936512613|252.30163873025225|126.15081936512613|126.15081936512613|252.30163873025225|252.30163873025225|126.15081936512613|252.30163873025225|126.15081936512613
Other,SF,1500-2499,Moderate Income,Cold,1960-2000,Poor Insulation,26,7749|15144|21257|28631|31843|97248|98120|149439|189404|213177|226723|267665|281082|299160|334848|366380|370379|374853|400890|424526|440476|452536|480023|483913|520042|534372,02746|02746|02360|02360|02360|02746|02746|02746|02746|02746|02360|02360|02360|02360|02360|02360|02360|02360|02746|02746|02746|02360|02360|02360|02360|02746,252.30163873025225|252.30163873025225|252.30163873025225|252.30163873025225|252.30163873025225|252.30163873025225|252.30163873025225|252.30163873025225|252.30163873025225|252.30163873025225|252.30163873025225|252.30163873025225|252.30163873025225|252.30163873025225|252.30163873025225|252.30163873025225|252.30163873025225|252.30163873025225|252.30163873025225|252.30163873025225|252.30163873025225|252.30163873025225|252.30163873025225|252.30163873025225|252.30163873025225|252.30163873025225,252.30163873025225|252.30163873025225|126.15081936512613|126.15081936512613|126.15081936512613|252.30163873025225|252.30163873025225|252.30163873025225|252.30163873025225|252.30163873025225|126.15081936512613|126.15081936512613|126.15081936512613|126.15081936512613|126.15081936512613|126.15081936512613|126.15081936512613|126.15081936512613|252.30163873025225|252.30163873025225|252.30163873025225|126.15081936512613|126.15081936512613|126.15081936512613|126.15081936512613|252.30163873025225
Other,SF,1500-2499,Moderate Income,Cold,<1960,Average Insulation,4,252359|337543|391221|429620,02360|02360|02746|02746,252.30163873025225|252.30163873025225|252.30163873025225|252.30163873025225,126.15081936512613|126.15081936512613|252.30163873025225|252.30163873025225
Other,SF,1500-2499,Moderate Income,Cold,<1960,Poor Insulation,25,15082|33362|37915|79790|136021|162764|174199|203927|204178|244720|267063|280209|285199|319298|331855|363028|373273|418153|425610|444730|446671|476038|489975|510536|513736,02360|02746|02360|02360|02746|02360|02360|02746|02746|02746|02360|02360|02360|02360|02360|02360|02746|02746|02746|02360|02746|02746|02746|02360|02746,252.30163873025225|252.30163873025225|252.30163873025225|252.30163873025225|252.30163873025225|252.30163873025225|252.30163873025225|252.30163873025225|252.30163873025225|252.30163873025225|252.30163873025225|252.30163873025225|252.30163873025225|252.30163873025225|252.30163873025225|252.30163873025225|252.30163873025225|252.30163873025225|252.30163873025225|252.30163873025225|252.30163873025225|252.30163873025225|252.30163873025225|252.30163873025225|252.30163873025225,126.15081936512613|252.30163873025225|126.15081936512613|126.15081936512613|252.30163873025225|126.15081936512613|126.15081936512613|252.30163873025225|252.30163873025225|252.30163873025225|126.15081936512613|126.15081936512613|126.15081936512613|126.15081936512613|126.15081936512613|126.15081936512613|252.30163873025225|252.30163873025225|252.30163873025225|126.15081936512613|252.30163873025225|252.30163873025225|252.30163873025225|126.15081936512613|252.30163873025225
Other,SF,1500-2499,Moderate Income,Cold,>2000,Average Insulation,5,35642|99675|146785|200327|344474,02360|02360|02746|02746|02360,252.30163873025225|252.30163873025225|252.30163873025225|252.30163873025225|252.30163873025225,126.15081936512613|126.15081936512613|252.30163873025225|252.30163873025225|126.15081936512613
Other,SF,1500-2499,Moderate Income,Cold,>2000,Poor Insulation,3,50506|270338|539207,02746|02746|02360,252.30163873025225|252.30163873025225|252.30163873025225,252.30163873025225|252.30163873025225|126.15081936512613
Other,SF,2500-3999,High Income,Cold,1960-2000,Average Insulation,23,3421|43698|54132|69986|118402|132271|146697|165639|200259|203054|224056|227019|263783|264235|323527|326400|326541|375007|406848|439417|460216|475640|521429,02746|02360|02746|02360|02360|02746|02360|02360|02360|02360|02360|02746|02360|02746|02360|02360|02746|02746|02360|02746|02746|02360|02360,252.30163873025225|252.30163873025225|252.30163873025225|252.30163873025225|252.30163873025225|252.30163873025225|252.30163873025225|252.30163873025225|252.30163873025225|252.30163873025225|252.30163873025225|252.30163873025225|252.30163873025225|252.30163873025225|252.30163873025225|252.30163873025225|252.30163873025225|252.30163873025225|252.30163873025225|252.30163873025225|252.30163873025225|252.30163873025225|252.30163873025225,252.30163873025225|126.15081936512613|252.30163873025225|126.15081936512613|126.15081936512613|252.30163873025225|126.15081936512613|126.15081936512613|126.15081936512613|126.15081936512613|126.15081936512613|252.30163873025225|126.15081936512613|252.30163873025225|126.15081936512613|126.15081936512613|252.30163873025225|252.30163873025225|126.15081936512613|252.30163873025225|252.30163873025225|126.15081936512613|126.15081936512613
Other,SF,2500-3999,High Income,Cold,1960-2000,Good Insulation,1,120150,02746,252.30163873025225,252.30163873025225
Other,SF,2500-3999,High Income,Cold,1960-2000,Poor Insulation,36,1167|7592|47887|58958|62773|65491|69480|72114|77539|111906|116650|125756|133287|143451|146673|173755|184178|205768|239826|283155|311355|313748|327557|349786|355930|373745|395624|409152|420447|426631|429841|435809|457930|499086|531637|544845,02360|02746|02746|02360|02746|02360|02360|02360|02746|02360|02360|02360|02746|02360|02360|02746|02360|02360|02360|02746|02746|02360|02746|02746|02746|02360|02360|02360|02360|02360|02360|02746|02746|02360|02360|02360,252.30163873025225|252.30163873025225|252.30163873025225|252.30163873025225|252.30163873025225|252.30163873025225|252.30163873025225|252.30163873025225|252.30163873025225|252.30163873025225|252.30163873025225|252.30163873025225|252.30163873025225|252.30163873025225|252.30163873025225|252.30163873025225|252.30163873025225|252.30163873025225|252.30163873025225|252.30163873025225|252.30163873025225|252.30163873025225|252.30163873025225|252.30163873025225|252.30163873025225|252.30163873025225|252.30163873025225|252.30163873025225|252.30163873025225|252.30163873025225|252.30163873025225|252.30163873025225|252.30163873025225|252.30163873025225|252.30163873025225|252.30163873025225,126.15081936512613|252.30163873025225|252.30163873025225|126.15081936512613|252.30163873025225|126.15081936512613|126.15081936512613|126.15081936512613|252.30163873025225|126.15081936512613|126.15081936512613|126.15081936512613|252.30163873025225|126.15081936512613|126.15081936512613|252.30163873025225|126.15081936512613|126.15081936512613|126.15081936512613|252.30163873025225|252.30163873025225|126.15081936512613|252.30163873025225|252.30163873025225|252.30163873025225|126.15081936512613|126.15081936512613|126.15081936512613|126.15081936512613|126.15081936512613|126.15081936512613|252.30163873025225|252.30163873025225|126.15081936512613|126.15081936512613|126.15081936512613
Other,SF,2500-3999,High Income,Cold,<1960,Average Insulation,3,79533|364175|499011,02360|02360|02746,252.30163873025225|252.30163873025225|252.30163873025225,126.15081936512613|126.15081936512613|252.30163873025225
Other,SF,2500-3999,High Income,Cold,<1960,Poor Insulation,20,62337|95626|102469|136695|188610|208308|208578|230637|234631|243571|253776|258267|269861|292711|300786|395324|407238|513632|516546|547174,02360|02360|02360|02746|02360|02360|02360|02746|02360|02360|02746|02360|02360|02360|02746|02746|02360|02746|02746|02360,252.30163873025225|252.30163873025225|252.30163873025225|252.30163873025225|252.30163873025225|252.30163873025225|252.30163873025225|252.30163873025225|252.30163873025225|252.30163873025225|252.30163873025225|252.30163873025225|252.30163873025225|252.30163873025225|252.30163873025225|252.30163873025225|252.30163873025225|252.30163873025225|252.30163873025225|252.30163873025225,126.15081936512613|126.15081936512613|126.15081936512613|252.30163873025225|126.15081936512613|126.15081936512613|126.15081936512613|252.30163873025225|126.15081936512613|126.15081936512613|252.30163873025225|126.15081936512613|126.15081936512613|126.15081936512613|252.30163873025225|252.30163873025225|126.15081936512613|252.30163873025225|252.30163873025225|126.15081936512613
Other,SF,2500-3999,High Income,Cold,>2000,Average Insulation,9,1140|68040|94603|211211|218923|351753|417376|426184|515074,02746|02360|02360|02746|02360|02746|02746|02746|02746,252.30163873025225|252.30163873025225|252.30163873025225|252.30163873025225|252.30163873025225|252.30163873025225|252.30163873025225|252.30163873025225|252.30163873025225,252.30163873025225|126.15081936512613|126.15081936512613|252.30163873025225|126.15081936512613|252.30163873025225|252.30163873025225|252.30163873025225|252.30163873025225
Other,SF,2500-3999,High Income,Cold,>2000,Poor Insulation,1,412185,02746,252.30163873025225,252.30163873025225
Other,SF,2500-3999,Low Income,Cold,1960-2000,Poor Insulation,5,28266|126759|232616|252429|386021,02360|02360|02360|02746|02746,252.30163873025225|252.30163873025225|252.30163873025225|252.30163873025225|252.30163873025225,126.15081936512613|126.15081936512613|126.15081936512613|252.30163873025225|252.30163873025225
Other,SF,2500-3999,Low Income,Cold,<1960,Poor Insulation,2,468474|475932,02360|02360,252.30163873025225|252.30163873025225,126.15081936512613|126.15081936512613
Other,SF,2500-3999,Moderate Income,Cold,1960-2000,Average Insulation,6,62128|70760|199305|257314|263170|323969,02360|02360|02746|02360|02746|02746,252.30163873025225|252.30163873025225|252.30163873025225|252.30163873025225|252.30163873025225|252.30163873025225,126.15081936512613|126.15081936512613|252.30163873025225|126.15081936512613|252.30163873025225|252.30163873025225
Other,SF,2500-3999,Moderate Income,Cold,1960-2000,Poor Insulation,3,218738|222064|229078,02360|02746|02746,252.30163873025225|252.30163873025225|252.30163873025225,126.15081936512613|252.30163873025225|252.30163873025225
Other,SF,2500-3999,Moderate Income,Cold,<1960,Average Insulation,3,116417|155988|251869,02746|02746|02746,252.30163873025225|252.30163873025225|252.30163873025225,252.30163873025225|252.30163873025225|252.30163873025225
Other,SF,2500-3999,Moderate Income,Cold,<1960,Poor Insulation,7,57495|175835|249722|321751|364702|404905|463925,02360|02746|02360|02746|02360|02360|02746,252.30163873025225|252.30163873025225|252.30163873025225|252.30163873025225|252.30163873025225|252.30163873025225|252.30163873025225,126.15081936512613|252.30163873025225|126.15081936512613|252.30163873025225|126.15081936512613|126.15081936512613|252.30163873025225
Other,SF,2500-3999,Moderate Income,Cold,>2000,Average Insulation,2,276764|351303,02746|02360,252.30163873025225|252.30163873025225,252.30163873025225|126.15081936512613
Other,SF,2500-3999,Moderate Income,Cold,>2000,Poor Insulation,1,287167,02360,252.30163873025225,126.15081936512613
Other,SF,4000+,High Income,Cold,1960-2000,Average Insulation,9,92759|140157|275367|283315|364435|392344|420104|456083|504630,02746|02746|02746|02360|02360|02746|02360|02360|02746,252.30163873025225|252.30163873025225|252.30163873025225|252.30163873025225|252.30163873025225|252.30163873025225|252.30163873025225|252.30163873025225|252.30163873025225,252.30163873025225|252.30163873025225|252.30163873025225|126.15081936512613|126.15081936512613|252.30163873025225|126.15081936512613|126.15081936512613|252.30163873025225
Other,SF,4000+,High Income,Cold,1960-2000,Good Insulation,6,15893|43126|76363|167641|323957|370957,02360|02746|02360|02746|02360|02360,252.30163873025225|252.30163873025225|252.30163873025225|252.30163873025225|252.30163873025225|252.30163873025225,126.15081936512613|252.30163873025225|126.15081936512613|252.30163873025225|126.15081936512613|126.15081936512613
Other,SF,4000+,High Income,Cold,1960-2000,Poor Insulation,1,415685,02746,252.30163873025225,252.30163873025225
Other,SF,4000+,High Income,Cold,<1960,Average Insulation,1,309560,02360,252.30163873025225,126.15081936512613
Other,SF,4000+,High Income,Cold,<1960,Poor Insulation,1,429208,02746,252.30163873025225,252.30163873025225
Other,SF,4000+,High Income,Cold,>2000,Average Insulation,3,91454|192006|325545,02360|02360|02746,252.30163873025225|252.30163873025225|252.30163873025225,126.15081936512613|126.15081936512613|252.30163873025225
Other,SF,4000+,Low Income,Cold,1960-2000,Good Insulation,1,248269,02746,252.30163873025225,252.30163873025225
Other,SF,4000+,Moderate Income,Cold,1960-2000,Average Insulation,1,157846,02360,252.30163873025225,126.15081936512613
Other,SF,4000+,Moderate Income,Cold,<1960,Average Insulation,2,238704|390440,02360|02360,252.30163873025225|252.30163873025225,126.15081936512613|126.15081936512613
Other,Small MF,0-1499,High Income,Cold,<1960,Poor Insulation,4,112497|264016|445617|535000,02746|02360|02746|02746,252.30163873025225|252.30163873025225|252.30163873025225|252.30163873025225,252.30163873025225|126.15081936512613|252.30163873025225|252.30163873025225
Other,Small MF,0-1499,Low Income,Cold,<1960,Poor Insulation,13,474|20558|23233|104816|120119|245564|250997|273755|320923|333019|390085|406745|481431,02360|02746|02746|02746|02360|02746|02746|02746|02360|02360|02746|02360|02746,252.30163873025225|252.30163873025225|252.30163873025225|252.30163873025225|252.30163873025225|252.30163873025225|252.30163873025225|252.30163873025225|252.30163873025225|252.30163873025225|252.30163873025225|252.30163873025225|252.30163873025225,126.15081936512613|252.30163873025225|252.30163873025225|252.30163873025225|126.15081936512613|252.30163873025225|252.30163873025225|252.30163873025225|126.15081936512613|126.15081936512613|252.30163873025225|126.15081936512613|252.30163873025225
Other,Small MF,0-1499,Moderate Income,Cold,1960-2000,Average Insulation,1,103357,02360,252.30163873025225,126.15081936512613
Other,Small MF,0-1499,Moderate Income,Cold,1960-2000,Poor Insulation,3,46750|193417|528041,02360|02746|02746,252.30163873025225|252.30163873025225|252.30163873025225,126.15081936512613|252.30163873025225|252.30163873025225
Other,Small MF,0-1499,Moderate Income,Cold,<1960,Poor Insulation,18,59251|156078|210655|235613|241782|256655|285054|302226|330198|363329|363395|415377|426722|434888|450752|454190|507455|549522,02746|02746|02360|02360|02360|02360|02746|02746|02360|02360|02746|02746|02360|02746|02360|02746|02746|02746,252.30163873025225|252.30163873025225|252.30163873025225|252.30163873025225|252.30163873025225|252.30163873025225|252.30163873025225|252.30163873025225|252.30163873025225|252.30163873025225|252.30163873025225|252.30163873025225|252.30163873025225|252.30163873025225|252.30163873025225|252.30163873025225|252.30163873025225|252.30163873025225,252.30163873025225|252.30163873025225|126.15081936512613|126.15081936512613|126.15081936512613|126.15081936512613|252.30163873025225|252.30163873025225|126.15081936512613|126.15081936512613|252.30163873025225|252.30163873025225|126.15081936512613|252.30163873025225|126.15081936512613|252.30163873025225|252.30163873025225|252.30163873025225
Other,Small MF,2500-3999,Moderate Income,Cold,<1960,Average Insulation,1,35102,02746,252.30163873025225,252.30163873025225
